Date,Price,Open,High,Low,per_change
28-Oct-14,1.2734,1.2698,1.2765,1.2683,0.0028
29-Oct-14,1.2632,1.2735,1.2772,1.2631,-0.008
30-Oct-14,1.2613,1.2631,1.264,1.2547,-0.0015
31-Oct-14,1.2525,1.2612,1.2618,1.2485,-0.007
3-Nov-14,1.2483,1.2515,1.2517,1.2441,-0.0034
4-Nov-14,1.2546,1.2483,1.2578,1.2481,0.005
5-Nov-14,1.2486,1.2546,1.2568,1.2457,-0.0048
6-Nov-14,1.2375,1.2487,1.2535,1.2365,-0.0089
7-Nov-14,1.2454,1.2376,1.2471,1.2359,0.0064
10-Nov-14,1.2421,1.2452,1.251,1.2417,-0.0026
11-Nov-14,1.2475,1.2421,1.25,1.2394,0.0043
12-Nov-14,1.2439,1.2476,1.2499,1.2418,-0.0029
13-Nov-14,1.2477,1.2439,1.2492,1.2426,0.0031
14-Nov-14,1.2523,1.2477,1.2548,1.2399,0.0037
17-Nov-14,1.245,1.2526,1.2578,1.2444,-0.0058
18-Nov-14,1.2537,1.245,1.2546,1.2442,0.007
19-Nov-14,1.2554,1.2537,1.26,1.2512,0.0014
20-Nov-14,1.254,1.2555,1.2576,1.2504,-0.0011
21-Nov-14,1.239,1.2541,1.2571,1.2376,-0.012
24-Nov-14,1.2443,1.2376,1.2445,1.2357,0.0043
25-Nov-14,1.2475,1.2443,1.2487,1.2401,0.0026
26-Nov-14,1.2506,1.2475,1.2532,1.2443,0.0025
27-Nov-14,1.2467,1.2506,1.2524,1.2464,-0.0031
28-Nov-14,1.2452,1.2468,1.2492,1.2427,-0.0012
1-Dec-14,1.247,1.2456,1.2507,1.2419,0.0014
2-Dec-14,1.2383,1.2471,1.2478,1.2377,-0.007
3-Dec-14,1.2311,1.2382,1.2391,1.23,-0.0058
4-Dec-14,1.2379,1.2313,1.2458,1.2282,0.0055
5-Dec-14,1.2285,1.238,1.2393,1.2271,-0.0076
8-Dec-14,1.2317,1.2278,1.2344,1.2246,0.0026
9-Dec-14,1.2375,1.2317,1.2448,1.2292,0.0047
10-Dec-14,1.2448,1.2374,1.2449,1.2361,0.0059
11-Dec-14,1.2411,1.2448,1.2496,1.237,-0.003
12-Dec-14,1.2462,1.2413,1.2487,1.2384,0.0041
15-Dec-14,1.2437,1.2462,1.2485,1.2414,-0.002
16-Dec-14,1.2511,1.2437,1.2571,1.2433,0.0059
17-Dec-14,1.2343,1.2512,1.2517,1.2322,-0.0134
18-Dec-14,1.2286,1.2342,1.2353,1.2265,-0.0046
19-Dec-14,1.2228,1.2288,1.2305,1.2222,-0.0047
22-Dec-14,1.2231,1.2226,1.2273,1.2216,0.0002
23-Dec-14,1.2172,1.2231,1.2247,1.2165,-0.0048
24-Dec-14,1.2195,1.2172,1.2222,1.217,0.0019
25-Dec-14,1.2222,1.2195,1.2256,1.2186,0.0022
26-Dec-14,1.2176,1.2224,1.2228,1.2168,-0.0038
29-Dec-14,1.2152,1.2182,1.2221,1.2142,-0.002
30-Dec-14,1.2157,1.2151,1.2188,1.2123,0.0004
31-Dec-14,1.2098,1.2155,1.2172,1.2096,-0.0049
1-Jan-15,1.2104,1.21,1.2107,1.2094,0.0005
2-Jan-15,1.2003,1.2106,1.2111,1.2001,-0.0083
5-Jan-15,1.1934,1.2003,1.2008,1.1883,-0.0057
6-Jan-15,1.1889,1.1933,1.1969,1.1884,-0.0038
7-Jan-15,1.1839,1.1892,1.1898,1.1803,-0.0042
8-Jan-15,1.1793,1.1839,1.1848,1.1753,-0.0039
9-Jan-15,1.1841,1.1793,1.1848,1.1763,0.0041
12-Jan-15,1.1834,1.1838,1.1871,1.1786,-0.0006
13-Jan-15,1.1772,1.1833,1.186,1.1753,-0.0052
14-Jan-15,1.1789,1.1772,1.1846,1.1726,0.0014
15-Jan-15,1.1631,1.1789,1.1795,1.157,-0.0134
16-Jan-15,1.157,1.1633,1.165,1.1462,-0.0052
19-Jan-15,1.1606,1.1551,1.1641,1.1545,0.0031
20-Jan-15,1.1551,1.1606,1.1616,1.154,-0.0047
21-Jan-15,1.161,1.1553,1.1677,1.1542,0.0051
22-Jan-15,1.1366,1.161,1.1648,1.1317,-0.021
23-Jan-15,1.1208,1.1366,1.1374,1.1114,-0.0139
26-Jan-15,1.1239,1.1186,1.1297,1.1099,0.0028
27-Jan-15,1.1381,1.1237,1.1423,1.1224,0.0126
28-Jan-15,1.1288,1.1382,1.1385,1.1276,-0.0082
29-Jan-15,1.132,1.1287,1.1369,1.1261,0.0028
30-Jan-15,1.1288,1.1321,1.1366,1.1279,-0.0028
2-Feb-15,1.1342,1.1284,1.1364,1.128,0.0048
3-Feb-15,1.1481,1.1343,1.1534,1.1313,0.0123
4-Feb-15,1.1347,1.1482,1.1486,1.1317,-0.0117
5-Feb-15,1.1477,1.1345,1.15,1.1304,0.0115
6-Feb-15,1.1315,1.1477,1.1488,1.1313,-0.0141
9-Feb-15,1.1324,1.1315,1.1359,1.1271,0.0008
10-Feb-15,1.1321,1.1327,1.1347,1.1274,-0.0003
11-Feb-15,1.1334,1.1321,1.1349,1.128,0.0011
12-Feb-15,1.1403,1.1334,1.1423,1.1302,0.0061
13-Feb-15,1.1385,1.1403,1.1443,1.138,-0.0016
16-Feb-15,1.1353,1.1385,1.1429,1.1317,-0.0028
17-Feb-15,1.1412,1.1354,1.145,1.1322,0.0052
18-Feb-15,1.1397,1.1412,1.1418,1.1334,-0.0013
19-Feb-15,1.1366,1.1397,1.145,1.1355,-0.0027
20-Feb-15,1.1381,1.137,1.1431,1.128,0.0013
23-Feb-15,1.1332,1.1385,1.1414,1.1296,-0.0043
24-Feb-15,1.1341,1.1336,1.136,1.1289,0.0008
25-Feb-15,1.1362,1.134,1.1389,1.1334,0.0019
26-Feb-15,1.1198,1.1361,1.1381,1.1184,-0.0144
27-Feb-15,1.1195,1.1199,1.1248,1.1178,-0.0003
2-Mar-15,1.1185,1.1187,1.1242,1.1159,-0.0009
3-Mar-15,1.1176,1.1183,1.1219,1.1155,-0.0008
4-Mar-15,1.1079,1.1178,1.1187,1.1062,-0.0087
5-Mar-15,1.1031,1.1079,1.1115,1.0989,-0.0043
6-Mar-15,1.0844,1.1033,1.1035,1.0842,-0.017
9-Mar-15,1.0852,1.0832,1.0908,1.0823,0.0007
10-Mar-15,1.0698,1.0851,1.0856,1.0692,-0.0142
11-Mar-15,1.0547,1.0699,1.0718,1.0511,-0.0141
12-Mar-15,1.0635,1.0547,1.0684,1.0495,0.0083
13-Mar-15,1.0495,1.0637,1.0639,1.0462,-0.0132
16-Mar-15,1.0568,1.0494,1.0621,1.0459,0.007
17-Mar-15,1.0598,1.0566,1.065,1.0551,0.0028
18-Mar-15,1.0867,1.0598,1.1033,1.0581,0.0254
19-Mar-15,1.066,1.0866,1.0915,1.0613,-0.019
20-Mar-15,1.0822,1.0661,1.0883,1.065,0.0152
23-Mar-15,1.0947,1.0837,1.0972,1.0768,0.0116
24-Mar-15,1.0926,1.0947,1.1031,1.0892,-0.0019
25-Mar-15,1.0972,1.0926,1.1016,1.0901,0.0042
26-Mar-15,1.0884,1.0969,1.1052,1.0856,-0.008
27-Mar-15,1.0888,1.0886,1.0949,1.0802,0.0004
30-Mar-15,1.0834,1.0889,1.0897,1.0811,-0.005
31-Mar-15,1.0731,1.0833,1.0846,1.0713,-0.0095
1-Apr-15,1.0764,1.0735,1.0801,1.0719,0.0031
2-Apr-15,1.0884,1.0764,1.0905,1.0751,0.0111
3-Apr-15,1.0978,1.0883,1.1028,1.0864,0.0086
6-Apr-15,1.0924,1.0991,1.1037,1.0911,-0.0049
7-Apr-15,1.0816,1.0922,1.0957,1.0805,-0.0099
8-Apr-15,1.0781,1.0816,1.0888,1.0764,-0.0032
9-Apr-15,1.0659,1.0781,1.0789,1.0638,-0.0113
10-Apr-15,1.0604,1.066,1.0685,1.0569,-0.0052
13-Apr-15,1.0568,1.0602,1.0619,1.052,-0.0034
14-Apr-15,1.0654,1.0566,1.0709,1.053,0.0081
15-Apr-15,1.0686,1.0655,1.0703,1.0572,0.003
16-Apr-15,1.0762,1.0684,1.0819,1.0625,0.0071
17-Apr-15,1.0807,1.0762,1.085,1.0737,0.0042
20-Apr-15,1.0737,1.0821,1.0825,1.0713,-0.0065
21-Apr-15,1.0736,1.074,1.0784,1.0661,-0.0001
22-Apr-15,1.0726,1.0736,1.0802,1.0709,-0.0009
23-Apr-15,1.0827,1.0726,1.0848,1.0667,0.0094
24-Apr-15,1.0874,1.0825,1.0901,1.0785,0.0043
27-Apr-15,1.0888,1.0873,1.0928,1.0821,0.0013
28-Apr-15,1.0981,1.0894,1.0991,1.0859,0.0085
29-Apr-15,1.1132,1.0983,1.1189,1.096,0.0138
30-Apr-15,1.1225,1.113,1.1269,1.1073,0.0084
1-May-15,1.1202,1.1223,1.129,1.1176,-0.002
4-May-15,1.1146,1.1202,1.1226,1.1123,-0.005
5-May-15,1.1186,1.1147,1.1223,1.1067,0.0036
6-May-15,1.1353,1.1187,1.1372,1.1176,0.0149
7-May-15,1.1267,1.1347,1.1393,1.1237,-0.0076
8-May-15,1.1204,1.1267,1.129,1.1178,-0.0056
11-May-15,1.1155,1.1197,1.1207,1.1131,-0.0044
12-May-15,1.1214,1.1155,1.1277,1.1134,0.0053
13-May-15,1.1357,1.1214,1.1385,1.1204,0.0128
14-May-15,1.141,1.1359,1.1447,1.1341,0.0047
15-May-15,1.1452,1.141,1.1467,1.1324,0.0037
18-May-15,1.1315,1.1441,1.145,1.1298,-0.012
19-May-15,1.1149,1.1317,1.1328,1.1119,-0.0147
20-May-15,1.1093,1.115,1.1156,1.1063,-0.005
21-May-15,1.1113,1.1092,1.1181,1.108,0.0018
22-May-15,1.1018,1.1115,1.1211,1.1004,-0.0085
25-May-15,1.0978,1.1006,1.1012,1.0961,-0.0036
26-May-15,1.0873,1.0978,1.0985,1.0863,-0.0096
27-May-15,1.0905,1.0873,1.0931,1.082,0.0029
28-May-15,1.0949,1.0905,1.096,1.0869,0.004
29-May-15,1.0988,1.0948,1.1006,1.0926,0.0036
1-Jun-15,1.0928,1.0989,1.0991,1.0888,-0.0055
2-Jun-15,1.1155,1.0928,1.1193,1.0915,0.0208
3-Jun-15,1.1275,1.1151,1.1284,1.1079,0.0108
4-Jun-15,1.1239,1.1276,1.1381,1.1227,-0.0032
5-Jun-15,1.1113,1.1239,1.1281,1.105,-0.0112
8-Jun-15,1.1292,1.1113,1.1307,1.108,0.0161
9-Jun-15,1.1284,1.1292,1.1345,1.1214,-0.0007
10-Jun-15,1.1326,1.1286,1.1387,1.1261,0.0037
11-Jun-15,1.1258,1.1325,1.1332,1.1183,-0.006
12-Jun-15,1.1269,1.1258,1.1298,1.1151,0.001
15-Jun-15,1.1284,1.1225,1.1294,1.1189,0.0013
16-Jun-15,1.1248,1.1283,1.1331,1.1206,-0.0032
17-Jun-15,1.1337,1.1249,1.136,1.1213,0.0079
18-Jun-15,1.136,1.1337,1.1438,1.1331,0.002
19-Jun-15,1.1353,1.136,1.1393,1.1292,-0.0006
22-Jun-15,1.1341,1.1363,1.1411,1.1312,-0.0011
23-Jun-15,1.117,1.1341,1.1348,1.1135,-0.0151
24-Jun-15,1.1207,1.1171,1.1237,1.1156,0.0033
25-Jun-15,1.1204,1.1204,1.1227,1.1153,-0.0003
26-Jun-15,1.1166,1.1207,1.1221,1.1131,-0.0034
29-Jun-15,1.1236,1.1031,1.1279,1.0954,0.0063
30-Jun-15,1.1138,1.1237,1.1246,1.1114,-0.0087
1-Jul-15,1.1054,1.1139,1.1172,1.1042,-0.0075
2-Jul-15,1.1084,1.1054,1.1124,1.1031,0.0027
3-Jul-15,1.1114,1.1086,1.1119,1.1066,0.0027
6-Jul-15,1.1057,1.0993,1.1097,1.0969,-0.0051
7-Jul-15,1.1012,1.1056,1.1061,1.0917,-0.0041
8-Jul-15,1.1077,1.1012,1.1094,1.0974,0.0059
9-Jul-15,1.1038,1.1078,1.1126,1.0992,-0.0035
10-Jul-15,1.1164,1.1037,1.1218,1.1031,0.0114
13-Jul-15,1.1004,1.1107,1.1197,1.0995,-0.0143
14-Jul-15,1.1012,1.1004,1.1084,1.0966,0.0007
15-Jul-15,1.0949,1.101,1.1035,1.093,-0.0057
16-Jul-15,1.0875,1.0947,1.0964,1.0856,-0.0068
17-Jul-15,1.0829,1.0875,1.0907,1.0827,-0.0042
20-Jul-15,1.0827,1.0833,1.0872,1.081,-0.0002
21-Jul-15,1.0937,1.0825,1.097,1.0811,0.0102
22-Jul-15,1.0934,1.0936,1.0966,1.0869,-0.0003
23-Jul-15,1.0983,1.0928,1.1019,1.0922,0.0045
24-Jul-15,1.0984,1.0983,1.0997,1.0926,0.0001
27-Jul-15,1.1094,1.0974,1.113,1.097,0.01
28-Jul-15,1.1059,1.1089,1.1101,1.1022,-0.0032
29-Jul-15,1.0986,1.1061,1.1086,1.0967,-0.0066
30-Jul-15,1.0933,1.0987,1.0992,1.0894,-0.0048
31-Jul-15,1.0988,1.0934,1.1114,1.0921,0.005
3-Aug-15,1.0951,1.097,1.0997,1.0941,-0.0034
4-Aug-15,1.0882,1.0951,1.0989,1.0877,-0.0063
5-Aug-15,1.0906,1.0883,1.0938,1.0849,0.0022
6-Aug-15,1.0925,1.0909,1.0944,1.0876,0.0017
7-Aug-15,1.0968,1.093,1.0981,1.0857,0.0039
10-Aug-15,1.1019,1.0969,1.1044,1.0927,0.0046
11-Aug-15,1.104,1.1019,1.1088,1.096,0.0019
12-Aug-15,1.1157,1.104,1.1212,1.1023,0.0106
13-Aug-15,1.1149,1.1157,1.1189,1.108,-0.0007
14-Aug-15,1.1107,1.1149,1.1189,1.1096,-0.0038
17-Aug-15,1.1081,1.1106,1.1125,1.1058,-0.0023
18-Aug-15,1.1021,1.1083,1.1096,1.1018,-0.0054
19-Aug-15,1.1119,1.1023,1.1137,1.1019,0.0089
20-Aug-15,1.1242,1.1117,1.1246,1.1105,0.0111
21-Aug-15,1.1389,1.1244,1.1393,1.1229,0.0131
24-Aug-15,1.162,1.1363,1.1713,1.1363,0.0203
25-Aug-15,1.1517,1.1619,1.1625,1.1399,-0.0089
26-Aug-15,1.1315,1.1515,1.1561,1.129,-0.0175
27-Aug-15,1.1245,1.1314,1.1366,1.1204,-0.0062
28-Aug-15,1.1179,1.1247,1.131,1.1156,-0.0059
31-Aug-15,1.1214,1.1176,1.1265,1.1162,0.0031
1-Sep-15,1.1319,1.1211,1.1333,1.1206,0.0094
2-Sep-15,1.1227,1.1311,1.1319,1.1214,-0.0081
3-Sep-15,1.1124,1.1227,1.1246,1.1088,-0.0092
4-Sep-15,1.1147,1.1124,1.1181,1.1089,0.0021
7-Sep-15,1.1168,1.1157,1.1178,1.112,0.0019
8-Sep-15,1.12,1.117,1.1229,1.1152,0.0029
9-Sep-15,1.1207,1.1202,1.1219,1.1133,0.0006
10-Sep-15,1.128,1.1209,1.1299,1.1174,0.0065
11-Sep-15,1.134,1.1279,1.1349,1.1254,0.0053
14-Sep-15,1.1321,1.1338,1.1375,1.1285,-0.0017
15-Sep-15,1.1267,1.1313,1.1328,1.1258,-0.0048
16-Sep-15,1.129,1.1267,1.1321,1.1212,0.002
17-Sep-15,1.1437,1.129,1.1442,1.1284,0.013
18-Sep-15,1.1305,1.1435,1.146,1.1267,-0.0115
21-Sep-15,1.1189,1.1284,1.1332,1.1183,-0.0103
22-Sep-15,1.112,1.1188,1.1209,1.1114,-0.0062
23-Sep-15,1.1187,1.112,1.1214,1.1105,0.006
24-Sep-15,1.123,1.1185,1.1296,1.1164,0.0038
25-Sep-15,1.1195,1.1227,1.1231,1.1115,-0.0031
28-Sep-15,1.1246,1.1195,1.125,1.1149,0.0046
29-Sep-15,1.1249,1.1247,1.1285,1.1196,0.0003
30-Sep-15,1.1177,1.1246,1.1262,1.1157,-0.0064
1-Oct-15,1.1195,1.1176,1.121,1.1134,0.0016
2-Oct-15,1.1211,1.1196,1.1319,1.1151,0.0014
5-Oct-15,1.1185,1.122,1.129,1.117,-0.0023
6-Oct-15,1.1271,1.1193,1.1282,1.1174,0.0077
7-Oct-15,1.1235,1.1269,1.1284,1.121,-0.0032
8-Oct-15,1.1279,1.1235,1.1325,1.1232,0.0039
9-Oct-15,1.1358,1.1282,1.1391,1.1269,0.007
12-Oct-15,1.1355,1.1355,1.1397,1.1351,-0.0003
13-Oct-15,1.1379,1.1358,1.1413,1.1346,0.0021
14-Oct-15,1.1473,1.1378,1.149,1.1374,0.0083
15-Oct-15,1.1383,1.1474,1.1496,1.1363,-0.0078
16-Oct-15,1.1347,1.1383,1.1397,1.1334,-0.0032
19-Oct-15,1.1327,1.1352,1.1382,1.1307,-0.0018
20-Oct-15,1.1345,1.1326,1.1387,1.1324,0.0016
21-Oct-15,1.1339,1.1347,1.138,1.1335,-0.0005
22-Oct-15,1.1107,1.1338,1.1351,1.1098,-0.0205
23-Oct-15,1.1018,1.1111,1.1142,1.0997,-0.008
26-Oct-15,1.1056,1.1008,1.1069,1.0987,0.0034
27-Oct-15,1.1048,1.1056,1.1079,1.1029,-0.0007
28-Oct-15,1.092,1.105,1.1096,1.0894,-0.0116
29-Oct-15,1.0976,1.0924,1.0985,1.0903,0.0051
30-Oct-15,1.1006,1.0976,1.1073,1.0964,0.0027
2-Nov-15,1.1015,1.1015,1.1053,1.1001,0.0008
3-Nov-15,1.0968,1.1014,1.1031,1.0936,-0.0043
4-Nov-15,1.0863,1.0962,1.0968,1.0842,-0.0096
5-Nov-15,1.0884,1.0865,1.0898,1.0835,0.0019
6-Nov-15,1.0741,1.0886,1.0896,1.0709,-0.0131
9-Nov-15,1.0752,1.0738,1.0793,1.0719,0.001
10-Nov-15,1.0724,1.0751,1.0764,1.0673,-0.0026
11-Nov-15,1.0744,1.0724,1.0774,1.0705,0.0019
12-Nov-15,1.0817,1.0743,1.0829,1.069,0.0068
13-Nov-15,1.0779,1.0816,1.0818,1.0715,-0.0035
16-Nov-15,1.0686,1.0751,1.0781,1.0675,-0.0086
17-Nov-15,1.0644,1.069,1.0696,1.0633,-0.0039
18-Nov-15,1.0659,1.064,1.0694,1.0617,0.0014
19-Nov-15,1.0734,1.0657,1.0764,1.0654,0.007
20-Nov-15,1.0646,1.0736,1.0745,1.0641,-0.0082
23-Nov-15,1.0636,1.0647,1.0658,1.0593,-0.0009
24-Nov-15,1.0641,1.0634,1.0674,1.062,0.0005
25-Nov-15,1.0627,1.0642,1.069,1.0566,-0.0013
26-Nov-15,1.061,1.0627,1.0633,1.06,-0.0016
27-Nov-15,1.0593,1.061,1.064,1.057,-0.0016
30-Nov-15,1.0564,1.0591,1.0596,1.0558,-0.0027
1-Dec-15,1.0631,1.0566,1.0638,1.0562,0.0063
2-Dec-15,1.0615,1.0633,1.0644,1.0553,-0.0015
3-Dec-15,1.0941,1.0616,1.0983,1.0541,0.0307
4-Dec-15,1.0886,1.0939,1.0957,1.0837,-0.005
7-Dec-15,1.0835,1.0859,1.0888,1.0795,-0.0047
8-Dec-15,1.0894,1.0835,1.0901,1.0827,0.0054
9-Dec-15,1.1025,1.0888,1.1042,1.0877,0.012
10-Dec-15,1.0941,1.1027,1.1029,1.0924,-0.0076
11-Dec-15,1.0989,1.0943,1.1033,1.0926,0.0044
14-Dec-15,1.0992,1.0985,1.105,1.0946,0.0003
15-Dec-15,1.0928,1.0991,1.1059,1.0903,-0.0058
16-Dec-15,1.0913,1.0932,1.1008,1.0888,-0.0014
17-Dec-15,1.0825,1.0915,1.0915,1.08,-0.0081
18-Dec-15,1.0868,1.0828,1.0877,1.0806,0.004
21-Dec-15,1.0915,1.0863,1.0941,1.0848,0.0043
22-Dec-15,1.0955,1.0913,1.0985,1.0901,0.0037
23-Dec-15,1.0909,1.0955,1.0957,1.0869,-0.0042
24-Dec-15,1.0972,1.0913,1.0976,1.0903,0.0058
25-Dec-15,1.0977,1.0973,1.0979,1.0945,0.0005
28-Dec-15,1.0968,1.0965,1.0995,1.0951,-0.0008
29-Dec-15,1.0917,1.0968,1.0992,1.0899,-0.0046
30-Dec-15,1.0932,1.092,1.0947,1.0903,0.0014
31-Dec-15,1.0861,1.0932,1.0938,1.085,-0.0065
1-Jan-16,1.086,1.0862,1.0869,1.0845,-0.0001
4-Jan-16,1.0831,1.0858,1.0949,1.0783,-0.0027
5-Jan-16,1.0748,1.0831,1.084,1.0711,-0.0077
6-Jan-16,1.0781,1.0749,1.0802,1.0721,0.0031
7-Jan-16,1.0936,1.0779,1.0941,1.077,0.0144
8-Jan-16,1.0932,1.0934,1.0936,1.0804,-0.0004
11-Jan-16,1.086,1.0923,1.0969,1.0847,-0.0066
12-Jan-16,1.0857,1.0859,1.0904,1.0822,-0.0003
13-Jan-16,1.0877,1.0858,1.0891,1.0807,0.0018
14-Jan-16,1.0865,1.088,1.0945,1.0835,-0.0011
15-Jan-16,1.0917,1.0866,1.0987,1.0855,0.0048
18-Jan-16,1.0892,1.0918,1.0941,1.0869,-0.0023
19-Jan-16,1.0909,1.0892,1.0941,1.0861,0.0016
20-Jan-16,1.0891,1.091,1.0977,1.0877,-0.0016
21-Jan-16,1.0874,1.0893,1.0922,1.0779,-0.0016
22-Jan-16,1.0797,1.0874,1.0879,1.079,-0.0071
25-Jan-16,1.0849,1.0799,1.0858,1.0788,0.0048
26-Jan-16,1.0871,1.085,1.0875,1.0819,0.002
27-Jan-16,1.0893,1.0871,1.0917,1.0851,0.002
28-Jan-16,1.0939,1.0891,1.0969,1.0869,0.0042
29-Jan-16,1.0837,1.0938,1.0951,1.0812,-0.0093
1-Feb-16,1.0888,1.0833,1.0915,1.0814,0.0047
2-Feb-16,1.0919,1.0892,1.0944,1.0886,0.0028
3-Feb-16,1.1104,1.0917,1.1146,1.0903,0.0169
4-Feb-16,1.1208,1.1104,1.124,1.107,0.0094
5-Feb-16,1.1159,1.1209,1.1246,1.111,-0.0044
8-Feb-16,1.1198,1.1159,1.1218,1.1087,0.0035
9-Feb-16,1.1293,1.1197,1.1339,1.1163,0.0085
10-Feb-16,1.129,1.1292,1.1311,1.1159,-0.0003
11-Feb-16,1.1324,1.1292,1.1378,1.1274,0.003
12-Feb-16,1.126,1.1328,1.1335,1.1215,-0.0057
15-Feb-16,1.1155,1.1251,1.1253,1.1127,-0.0093
16-Feb-16,1.1144,1.1155,1.1196,1.1123,-0.001
17-Feb-16,1.1128,1.1143,1.118,1.1104,-0.0014
18-Feb-16,1.1107,1.113,1.1153,1.1072,-0.0019
19-Feb-16,1.1134,1.1107,1.114,1.1067,0.0024
22-Feb-16,1.1029,1.1128,1.1137,1.1003,-0.0094
23-Feb-16,1.102,1.1031,1.1055,1.0991,-0.0008
24-Feb-16,1.1013,1.1019,1.1047,1.0957,-0.0006
25-Feb-16,1.1023,1.1014,1.1052,1.0987,0.0009
26-Feb-16,1.0934,1.102,1.1071,1.0913,-0.0081
29-Feb-16,1.0873,1.0932,1.0964,1.0858,-0.0056
1-Mar-16,1.0867,1.0873,1.0896,1.0835,-0.0006
2-Mar-16,1.0868,1.0868,1.0881,1.0825,0.0001
3-Mar-16,1.0957,1.0867,1.0974,1.0853,0.0082
4-Mar-16,1.1004,1.0958,1.1045,1.0903,0.0043
7-Mar-16,1.1014,1.1008,1.1027,1.094,0.0009
8-Mar-16,1.1011,1.1014,1.1059,1.0992,-0.0003
9-Mar-16,1.0999,1.1012,1.1037,1.0946,-0.0011
10-Mar-16,1.1177,1.0998,1.1218,1.0821,0.0162
11-Mar-16,1.1153,1.1177,1.1212,1.1081,-0.0021
14-Mar-16,1.1106,1.1151,1.1177,1.1076,-0.0042
15-Mar-16,1.1109,1.11,1.1125,1.1071,0.0003
16-Mar-16,1.1225,1.111,1.1245,1.1058,0.0104
17-Mar-16,1.1319,1.1224,1.1344,1.1205,0.0084
18-Mar-16,1.127,1.1319,1.1339,1.1257,-0.0043
21-Mar-16,1.1241,1.127,1.1286,1.1235,-0.0026
22-Mar-16,1.1217,1.1245,1.1263,1.119,-0.0021
23-Mar-16,1.1184,1.1218,1.1224,1.1158,-0.0029
24-Mar-16,1.1174,1.1179,1.1188,1.1143,-0.0009
25-Mar-16,1.1166,1.1176,1.1189,1.1153,-0.0007
28-Mar-16,1.1196,1.1164,1.1221,1.1154,0.0027
29-Mar-16,1.1291,1.1198,1.1305,1.1168,0.0085
30-Mar-16,1.1338,1.129,1.1366,1.1281,0.0042
31-Mar-16,1.138,1.1338,1.1413,1.1309,0.0037
1-Apr-16,1.1387,1.138,1.1439,1.1334,0.0006
4-Apr-16,1.1392,1.1393,1.1414,1.1357,0.0004
5-Apr-16,1.1384,1.1389,1.1406,1.1336,-0.0007
6-Apr-16,1.1399,1.1384,1.1434,1.1327,0.0013
7-Apr-16,1.1377,1.1398,1.1455,1.1337,-0.0019
8-Apr-16,1.1401,1.1379,1.1421,1.1349,0.0021
11-Apr-16,1.1408,1.1407,1.1448,1.1373,0.0006
12-Apr-16,1.1386,1.1408,1.1466,1.1347,-0.0019
13-Apr-16,1.1274,1.1385,1.1393,1.1266,-0.0098
14-Apr-16,1.1268,1.1274,1.1296,1.1234,-0.0005
15-Apr-16,1.1283,1.1271,1.132,1.1246,0.0013
18-Apr-16,1.1314,1.1297,1.1334,1.1274,0.0027
19-Apr-16,1.1358,1.1314,1.1387,1.1302,0.0039
20-Apr-16,1.1297,1.1356,1.1388,1.1288,-0.0054
21-Apr-16,1.1288,1.1297,1.1396,1.1272,-0.0008
22-Apr-16,1.1234,1.1291,1.1312,1.122,-0.0048
25-Apr-16,1.1266,1.1231,1.128,1.1216,0.0028
26-Apr-16,1.1299,1.1264,1.1339,1.1255,0.0029
27-Apr-16,1.1321,1.1298,1.1363,1.1274,0.0019
28-Apr-16,1.1353,1.132,1.137,1.1296,0.0028
29-Apr-16,1.1456,1.1354,1.1461,1.1335,0.0091
2-May-16,1.1532,1.1447,1.1539,1.1446,0.0066
3-May-16,1.1497,1.1533,1.1616,1.1495,-0.003
4-May-16,1.1487,1.1496,1.153,1.1467,-0.0009
5-May-16,1.1405,1.1486,1.1496,1.1385,-0.0071
6-May-16,1.1405,1.1408,1.1479,1.1387,0
9-May-16,1.1383,1.1401,1.1422,1.1375,-0.0019
10-May-16,1.1372,1.1385,1.1413,1.1361,-0.001
11-May-16,1.1427,1.1373,1.1448,1.1368,0.0048
12-May-16,1.1377,1.1426,1.1434,1.1368,-0.0044
13-May-16,1.1308,1.1378,1.1383,1.1284,-0.0061
16-May-16,1.132,1.1311,1.1345,1.1302,0.0011
17-May-16,1.1314,1.1321,1.135,1.1303,-0.0005
18-May-16,1.1217,1.1313,1.1327,1.1212,-0.0086
19-May-16,1.1203,1.1216,1.123,1.1179,-0.0012
20-May-16,1.1224,1.1204,1.1239,1.1194,0.0019
23-May-16,1.1219,1.1218,1.1246,1.1187,-0.0004
24-May-16,1.1141,1.1219,1.1228,1.113,-0.007
25-May-16,1.1155,1.1141,1.1169,1.1128,0.0013
26-May-16,1.1194,1.1154,1.1218,1.1144,0.0035
27-May-16,1.1115,1.1193,1.1201,1.1107,-0.0071
30-May-16,1.1146,1.1117,1.1148,1.1099,0.0028
31-May-16,1.1132,1.1138,1.1176,1.1123,-0.0013
1-Jun-16,1.1188,1.1133,1.1198,1.1114,0.005
2-Jun-16,1.1151,1.1189,1.1221,1.1142,-0.0033
3-Jun-16,1.1367,1.1152,1.1377,1.1136,0.0194
6-Jun-16,1.1355,1.1353,1.1396,1.1328,-0.0011
7-Jun-16,1.1358,1.1355,1.1382,1.1338,0.0003
8-Jun-16,1.1394,1.1358,1.1412,1.1349,0.0032
9-Jun-16,1.1316,1.1399,1.1417,1.1305,-0.0068
10-Jun-16,1.1251,1.1317,1.1329,1.1245,-0.0057
13-Jun-16,1.1292,1.1253,1.1304,1.1233,0.0036
14-Jun-16,1.1208,1.1293,1.1304,1.1188,-0.0074
15-Jun-16,1.1259,1.1205,1.1299,1.119,0.0046
16-Jun-16,1.1226,1.126,1.1298,1.1132,-0.0029
17-Jun-16,1.1277,1.1226,1.1299,1.1221,0.0045
20-Jun-16,1.1314,1.1285,1.1386,1.1284,0.0033
21-Jun-16,1.1242,1.1312,1.1351,1.1241,-0.0064
22-Jun-16,1.1297,1.1242,1.1339,1.1236,0.0049
23-Jun-16,1.1388,1.1298,1.1424,1.1297,0.0081
24-Jun-16,1.1117,1.1392,1.1434,1.0911,-0.0238
27-Jun-16,1.1026,1.1072,1.1087,1.0972,-0.0082
28-Jun-16,1.1066,1.1025,1.1112,1.1007,0.0036
29-Jun-16,1.1125,1.1065,1.1131,1.1048,0.0053
30-Jun-16,1.1105,1.1124,1.1157,1.1023,-0.0018
1-Jul-16,1.1136,1.1104,1.1169,1.107,0.0028
4-Jul-16,1.1156,1.1142,1.1166,1.1097,0.0018
5-Jul-16,1.1076,1.1154,1.1184,1.1059,-0.0072
6-Jul-16,1.1099,1.1075,1.1112,1.103,0.0021
7-Jul-16,1.1063,1.1101,1.1113,1.1053,-0.0032
8-Jul-16,1.1055,1.1062,1.1115,1.1001,-0.0007
11-Jul-16,1.1058,1.1052,1.1076,1.1016,0.0003
12-Jul-16,1.1059,1.1058,1.1127,1.1051,0.0001
13-Jul-16,1.109,1.1061,1.1121,1.1043,0.0028
14-Jul-16,1.112,1.1089,1.1166,1.1085,0.0027
15-Jul-16,1.1036,1.1118,1.115,1.1023,-0.0076
18-Jul-16,1.1074,1.1043,1.1086,1.1038,0.0034
19-Jul-16,1.1022,1.1073,1.1086,1.0999,-0.0047
20-Jul-16,1.1015,1.102,1.1032,1.0981,-0.0006
21-Jul-16,1.1025,1.1013,1.106,1.0981,0.0009
22-Jul-16,1.0976,1.103,1.1042,1.0954,-0.0044
25-Jul-16,1.0994,1.0972,1.1002,1.0954,0.0016
26-Jul-16,1.0987,1.0997,1.1031,1.0978,-0.0006
27-Jul-16,1.1058,1.0985,1.1067,1.0962,0.0065
28-Jul-16,1.1076,1.1058,1.1119,1.1049,0.0016
29-Jul-16,1.1174,1.1079,1.12,1.1071,0.0088
1-Aug-16,1.1162,1.1177,1.1186,1.1157,-0.0011
2-Aug-16,1.1227,1.1162,1.1236,1.1156,0.0058
3-Aug-16,1.1149,1.1224,1.1233,1.1139,-0.0069
4-Aug-16,1.113,1.1149,1.1158,1.1114,-0.0017
5-Aug-16,1.1085,1.1127,1.1162,1.1043,-0.004
8-Aug-16,1.1093,1.1087,1.1107,1.1073,0.0007
9-Aug-16,1.1119,1.109,1.1124,1.107,0.0023
10-Aug-16,1.1177,1.1118,1.1193,1.1102,0.0052
11-Aug-16,1.1137,1.1175,1.1194,1.1133,-0.0036
12-Aug-16,1.1161,1.1139,1.1224,1.113,0.0022
15-Aug-16,1.1184,1.1162,1.1203,1.1153,0.0021
16-Aug-16,1.1278,1.1182,1.1324,1.1175,0.0084
17-Aug-16,1.1288,1.1279,1.1318,1.1241,0.0009
18-Aug-16,1.1354,1.1293,1.1367,1.1283,0.0058
19-Aug-16,1.1326,1.1351,1.1363,1.1303,-0.0025
22-Aug-16,1.1319,1.1305,1.1334,1.1273,-0.0006
23-Aug-16,1.1306,1.1321,1.1357,1.1302,-0.0011
24-Aug-16,1.1263,1.1305,1.1316,1.1244,-0.0038
25-Aug-16,1.1283,1.1266,1.1301,1.1258,0.0018
26-Aug-16,1.1198,1.1284,1.1343,1.118,-0.0075
29-Aug-16,1.1189,1.1192,1.1208,1.1157,-0.0008
30-Aug-16,1.1143,1.1189,1.1198,1.113,-0.0041
31-Aug-16,1.1158,1.1143,1.1167,1.1123,0.0013
1-Sep-16,1.1198,1.1157,1.1207,1.1128,0.0036
2-Sep-16,1.1156,1.1197,1.1254,1.1151,-0.0038
5-Sep-16,1.1147,1.1153,1.1185,1.114,-0.0008
6-Sep-16,1.1256,1.1147,1.1266,1.114,0.0098
7-Sep-16,1.1239,1.1255,1.1271,1.1228,-0.0015
8-Sep-16,1.1261,1.124,1.1329,1.1234,0.002
9-Sep-16,1.1233,1.1262,1.1288,1.12,-0.0025
12-Sep-16,1.1234,1.1232,1.1269,1.1211,0.0001
13-Sep-16,1.122,1.1236,1.1262,1.1203,-0.0012
14-Sep-16,1.125,1.1216,1.1274,1.1208,0.0027
15-Sep-16,1.1244,1.1249,1.1286,1.122,-0.0005
16-Sep-16,1.1155,1.1244,1.1256,1.1147,-0.0079
19-Sep-16,1.1174,1.1161,1.1198,1.1147,0.0017
20-Sep-16,1.1155,1.1179,1.1216,1.1146,-0.0017
21-Sep-16,1.1189,1.1152,1.12,1.1123,0.003
22-Sep-16,1.1207,1.1193,1.1258,1.1181,0.0016
23-Sep-16,1.1226,1.1209,1.1244,1.1195,0.0017
26-Sep-16,1.1254,1.1221,1.1279,1.122,0.0025
27-Sep-16,1.1215,1.1253,1.1262,1.119,-0.0035
28-Sep-16,1.1216,1.1214,1.1238,1.1181,0.0001
29-Sep-16,1.1223,1.1217,1.1251,1.1197,0.0006
30-Sep-16,1.1241,1.1225,1.1253,1.1153,0.0016
3-Oct-16,1.1211,1.1235,1.1245,1.1205,-0.0027
4-Oct-16,1.1204,1.1211,1.124,1.1138,-0.0006
5-Oct-16,1.1205,1.1205,1.1238,1.1191,0.0001
6-Oct-16,1.1151,1.1205,1.1214,1.1139,-0.0048
7-Oct-16,1.1201,1.1151,1.1207,1.1103,0.0045
10-Oct-16,1.1138,1.1196,1.1202,1.1128,-0.0056
11-Oct-16,1.1054,1.1136,1.1144,1.1047,-0.0075
12-Oct-16,1.1008,1.1053,1.1072,1.1003,-0.0042
13-Oct-16,1.1057,1.1004,1.1058,1.0982,0.0045
14-Oct-16,1.0971,1.1056,1.1062,1.0968,-0.0078
17-Oct-16,1.0999,1.0975,1.1011,1.0964,0.0026
18-Oct-16,1.098,1.1,1.1029,1.097,-0.0017
19-Oct-16,1.0974,1.098,1.1005,1.0955,-0.0005
20-Oct-16,1.093,1.0974,1.1041,1.0916,-0.004
21-Oct-16,1.0884,1.0929,1.0933,1.0859,-0.0042
24-Oct-16,1.0883,1.0879,1.0903,1.0861,-0.0001
25-Oct-16,1.0888,1.0882,1.0906,1.085,0.0005
26-Oct-16,1.0909,1.0889,1.0947,1.0872,0.0019
27-Oct-16,1.0897,1.0909,1.0945,1.0884,-0.0011
28-Oct-16,1.0987,1.0899,1.0995,1.0893,0.0083
31-Oct-16,1.0981,1.0986,1.0994,1.0936,-0.0005
1-Nov-16,1.1056,1.0981,1.1072,1.0958,0.0068
2-Nov-16,1.1097,1.1056,1.1125,1.1051,0.0037
3-Nov-16,1.1105,1.1099,1.1128,1.1059,0.0007
4-Nov-16,1.1138,1.1105,1.1146,1.108,0.003
7-Nov-16,1.104,1.1137,1.1139,1.1029,-0.0088
8-Nov-16,1.1026,1.1042,1.107,1.1008,-0.0013
9-Nov-16,1.091,1.1023,1.13,1.0902,-0.0105
10-Nov-16,1.0893,1.0911,1.0958,1.0866,-0.0016
11-Nov-16,1.0856,1.0897,1.0929,1.0833,-0.0034
14-Nov-16,1.0737,1.085,1.0852,1.0709,-0.011
15-Nov-16,1.0721,1.0736,1.0817,1.0712,-0.0015
16-Nov-16,1.069,1.0724,1.0763,1.0668,-0.0029
17-Nov-16,1.0626,1.069,1.0746,1.0617,-0.006
18-Nov-16,1.0588,1.0625,1.0645,1.057,-0.0036
21-Nov-16,1.063,1.0583,1.0652,1.0578,0.004
22-Nov-16,1.0626,1.0627,1.066,1.0583,-0.0004
23-Nov-16,1.0559,1.063,1.0647,1.0527,-0.0063
24-Nov-16,1.0554,1.0554,1.0587,1.0517,-0.0005
25-Nov-16,1.0587,1.0551,1.0631,1.0538,0.0031
28-Nov-16,1.0615,1.0595,1.0686,1.0562,0.0026
29-Nov-16,1.065,1.0615,1.0657,1.0565,0.0033
30-Nov-16,1.0588,1.0649,1.0669,1.0554,-0.0058
1-Dec-16,1.0662,1.059,1.067,1.0584,0.007
2-Dec-16,1.0673,1.0662,1.0692,1.0626,0.001
5-Dec-16,1.0764,1.0674,1.0798,1.0505,0.0085
6-Dec-16,1.0719,1.0764,1.0787,1.0698,-0.0042
7-Dec-16,1.0753,1.0721,1.077,1.0709,0.0032
8-Dec-16,1.0615,1.0754,1.0873,1.0595,-0.0128
9-Dec-16,1.0562,1.0618,1.0632,1.0531,-0.005
12-Dec-16,1.0635,1.0551,1.0652,1.0523,0.0069
13-Dec-16,1.0627,1.0635,1.0668,1.0603,-0.0008
14-Dec-16,1.0536,1.0627,1.0671,1.0495,-0.0086
15-Dec-16,1.0414,1.0536,1.0544,1.0366,-0.0116
16-Dec-16,1.0451,1.0419,1.0477,1.0402,0.0036
19-Dec-16,1.0402,1.0442,1.0479,1.0391,-0.0047
20-Dec-16,1.0387,1.0405,1.0419,1.0352,-0.0014
21-Dec-16,1.0425,1.039,1.0453,1.0381,0.0037
22-Dec-16,1.0437,1.0423,1.0501,1.0421,0.0012
23-Dec-16,1.0456,1.0437,1.047,1.0427,0.0018
26-Dec-16,1.0456,1.0454,1.0473,1.0439,0
27-Dec-16,1.0457,1.0453,1.0465,1.0431,0.0001
28-Dec-16,1.0412,1.0458,1.0483,1.0373,-0.0043
29-Dec-16,1.0492,1.0417,1.0494,1.0406,0.0077
30-Dec-16,1.0516,1.0492,1.0654,1.0482,0.0023
2-Jan-17,1.0459,1.0532,1.0534,1.0449,-0.0054
3-Jan-17,1.0406,1.0455,1.0492,1.0341,-0.0051
4-Jan-17,1.0488,1.0405,1.0501,1.0389,0.0079
5-Jan-17,1.0607,1.0493,1.0619,1.0482,0.0113
6-Jan-17,1.0533,1.0606,1.0624,1.0523,-0.007
9-Jan-17,1.0574,1.0539,1.0584,1.051,0.0039
10-Jan-17,1.0554,1.0573,1.0628,1.0551,-0.0019
11-Jan-17,1.0582,1.0556,1.0624,1.0454,0.0027
12-Jan-17,1.0613,1.0582,1.0687,1.0573,0.0029
13-Jan-17,1.0644,1.0612,1.0674,1.0598,0.0029
16-Jan-17,1.0603,1.0618,1.0638,1.058,-0.0039
17-Jan-17,1.0714,1.0599,1.0719,1.0595,0.0105
18-Jan-17,1.0631,1.0713,1.0716,1.0624,-0.0077
19-Jan-17,1.0664,1.0629,1.0677,1.0588,0.0031
20-Jan-17,1.0703,1.0667,1.0713,1.0627,0.0037
23-Jan-17,1.0765,1.0687,1.0773,1.0686,0.0058
24-Jan-17,1.0731,1.0763,1.0775,1.0718,-0.0032
25-Jan-17,1.0748,1.0734,1.0773,1.0713,0.0016
26-Jan-17,1.0682,1.0746,1.0767,1.0657,-0.0061
27-Jan-17,1.0699,1.0685,1.0729,1.0661,0.0016
30-Jan-17,1.0695,1.0692,1.0742,1.0619,-0.0004
31-Jan-17,1.0798,1.0695,1.0814,1.0684,0.0096
1-Feb-17,1.0769,1.0798,1.081,1.0731,-0.0027
2-Feb-17,1.0758,1.0767,1.0829,1.0753,-0.001
3-Feb-17,1.0784,1.0759,1.08,1.0714,0.0024
6-Feb-17,1.075,1.0781,1.0801,1.0703,-0.0032
7-Feb-17,1.0681,1.075,1.0751,1.0654,-0.0064
8-Feb-17,1.0698,1.0682,1.0715,1.0639,0.0016
9-Feb-17,1.0656,1.0699,1.0711,1.065,-0.0039
10-Feb-17,1.0641,1.0658,1.067,1.0609,-0.0014
13-Feb-17,1.0598,1.0634,1.0658,1.0592,-0.004
14-Feb-17,1.0577,1.0596,1.0634,1.0559,-0.002
15-Feb-17,1.0601,1.0577,1.0611,1.0523,0.0023
16-Feb-17,1.0674,1.06,1.0682,1.0588,0.0069
17-Feb-17,1.0614,1.0675,1.0679,1.0605,-0.0056
20-Feb-17,1.0614,1.0618,1.0637,1.0606,0
21-Feb-17,1.0537,1.0611,1.0618,1.0526,-0.0073
22-Feb-17,1.0556,1.0534,1.0574,1.0493,0.0018
23-Feb-17,1.0581,1.0557,1.0597,1.0538,0.0024
24-Feb-17,1.0563,1.0583,1.062,1.0557,-0.0017
27-Feb-17,1.0588,1.0562,1.0633,1.0552,0.0024
28-Feb-17,1.0577,1.0587,1.0632,1.057,-0.001
1-Mar-17,1.0548,1.0575,1.059,1.0514,-0.0027
2-Mar-17,1.0507,1.0547,1.0552,1.0493,-0.0039
3-Mar-17,1.0623,1.0508,1.0626,1.0502,0.011
6-Mar-17,1.0581,1.0617,1.0643,1.0575,-0.004
7-Mar-17,1.0566,1.0583,1.0603,1.0557,-0.0014
8-Mar-17,1.0541,1.0566,1.0576,1.0535,-0.0024
9-Mar-17,1.0577,1.0541,1.0617,1.0525,0.0034
10-Mar-17,1.0672,1.0577,1.0702,1.0572,0.009
13-Mar-17,1.0654,1.0672,1.0715,1.065,-0.0017
14-Mar-17,1.0604,1.0655,1.0664,1.0599,-0.0047
15-Mar-17,1.0735,1.0604,1.0742,1.0603,0.0124
16-Mar-17,1.0766,1.0734,1.0772,1.0706,0.0029
17-Mar-17,1.0738,1.0765,1.0784,1.0728,-0.0026
20-Mar-17,1.0739,1.074,1.0779,1.0725,0.0001
21-Mar-17,1.0811,1.074,1.0822,1.072,0.0067
22-Mar-17,1.0797,1.081,1.0827,1.0776,-0.0013
23-Mar-17,1.0783,1.0797,1.0807,1.0769,-0.0013
24-Mar-17,1.0799,1.0784,1.082,1.0761,0.0015
27-Mar-17,1.0865,1.0797,1.0905,1.0795,0.0061
28-Mar-17,1.0813,1.0864,1.0873,1.0797,-0.0048
29-Mar-17,1.0767,1.0811,1.0827,1.0739,-0.0043
30-Mar-17,1.0675,1.0765,1.0772,1.0671,-0.0085
31-Mar-17,1.0652,1.0675,1.0705,1.0652,-0.0022
3-Apr-17,1.0671,1.066,1.0683,1.0643,0.0018
4-Apr-17,1.0674,1.0669,1.0678,1.0635,0.0003
5-Apr-17,1.0663,1.0672,1.069,1.0633,-0.001
6-Apr-17,1.0644,1.0663,1.0687,1.063,-0.0018
7-Apr-17,1.059,1.0644,1.0668,1.058,-0.0051
10-Apr-17,1.0596,1.0593,1.0609,1.0571,0.0006
11-Apr-17,1.0602,1.0595,1.0631,1.0577,0.0006
12-Apr-17,1.0666,1.0606,1.0677,1.0589,0.006
13-Apr-17,1.0614,1.0664,1.0679,1.0609,-0.0049
14-Apr-17,1.0612,1.0615,1.0633,1.0607,-0.0002
17-Apr-17,1.0643,1.0615,1.0674,1.0603,0.0029
18-Apr-17,1.0734,1.0643,1.0737,1.0636,0.0086
19-Apr-17,1.0711,1.073,1.0738,1.07,-0.0021
20-Apr-17,1.0717,1.0711,1.078,1.0709,0.0006
21-Apr-17,1.0728,1.0719,1.0739,1.0682,0.001
24-Apr-17,1.0868,1.089,1.0936,1.0819,0.013
25-Apr-17,1.0926,1.0868,1.0951,1.0851,0.0053
26-Apr-17,1.0903,1.0924,1.0951,1.0856,-0.0021
27-Apr-17,1.0873,1.0903,1.0933,1.0851,-0.0028
28-Apr-17,1.0897,1.0877,1.0949,1.0857,0.0022
1-May-17,1.0899,1.0906,1.0924,1.0883,0.0002
2-May-17,1.093,1.0901,1.0936,1.0889,0.0028
3-May-17,1.0885,1.093,1.0939,1.0883,-0.0041
4-May-17,1.0984,1.0884,1.0987,1.0874,0.0091
5-May-17,1.0998,1.0991,1.1002,1.0951,0.0013
8-May-17,1.0924,1.0998,1.1024,1.0917,-0.0067
9-May-17,1.0874,1.0923,1.0935,1.0862,-0.0046
10-May-17,1.0868,1.0874,1.09,1.0853,-0.0006
11-May-17,1.0861,1.0869,1.0894,1.0838,-0.0006
12-May-17,1.0931,1.0863,1.0937,1.0857,0.0064
15-May-17,1.0975,1.0926,1.0991,1.0922,0.004
16-May-17,1.1082,1.0976,1.1098,1.0972,0.0097
17-May-17,1.1159,1.1083,1.1163,1.1079,0.0069
18-May-17,1.1103,1.116,1.1173,1.1075,-0.005
19-May-17,1.1207,1.1103,1.1214,1.1097,0.0094
22-May-17,1.1238,1.1202,1.1265,1.1162,0.0028
23-May-17,1.1183,1.1237,1.1268,1.1174,-0.0049
24-May-17,1.1219,1.1184,1.1222,1.1169,0.0032
25-May-17,1.1211,1.1219,1.1252,1.1194,-0.0007
26-May-17,1.1183,1.1211,1.1235,1.1159,-0.0025
29-May-17,1.1165,1.1179,1.1192,1.116,-0.0016
30-May-17,1.1185,1.1165,1.1207,1.1111,0.0018
31-May-17,1.1243,1.1186,1.1255,1.1165,0.0052
1-Jun-17,1.1213,1.1242,1.1258,1.1203,-0.0027
2-Jun-17,1.1282,1.1213,1.1287,1.1205,0.0062
5-Jun-17,1.1255,1.128,1.1285,1.1236,-0.0024
6-Jun-17,1.1278,1.1254,1.1285,1.124,0.002
7-Jun-17,1.1257,1.1277,1.1284,1.1205,-0.0019
8-Jun-17,1.1214,1.1257,1.127,1.1195,-0.0038
9-Jun-17,1.1196,1.1217,1.124,1.1168,-0.0016
12-Jun-17,1.1203,1.1196,1.1235,1.1193,0.0006
13-Jun-17,1.1216,1.1203,1.1225,1.1184,0.0012
14-Jun-17,1.1218,1.121,1.1296,1.1191,0.0002
15-Jun-17,1.1145,1.1219,1.1231,1.1132,-0.0065
16-Jun-17,1.1198,1.1142,1.1201,1.1138,0.0048
19-Jun-17,1.1148,1.1199,1.1214,1.1141,-0.0045
20-Jun-17,1.1135,1.1147,1.1165,1.1118,-0.0012
21-Jun-17,1.1168,1.1133,1.1171,1.1128,0.003
22-Jun-17,1.1153,1.1167,1.1179,1.114,-0.0013
23-Jun-17,1.1194,1.1152,1.1211,1.1145,0.0037
26-Jun-17,1.1182,1.1202,1.1222,1.1173,-0.0011
27-Jun-17,1.1339,1.1183,1.1351,1.1178,0.014
28-Jun-17,1.1378,1.1339,1.1392,1.1292,0.0034
29-Jun-17,1.1441,1.1376,1.1446,1.1373,0.0055
30-Jun-17,1.1426,1.1442,1.1448,1.1393,-0.0013
3-Jul-17,1.1364,1.1422,1.1431,1.1357,-0.0054
4-Jul-17,1.1345,1.1366,1.138,1.1339,-0.0017
5-Jul-17,1.1353,1.1345,1.1369,1.1312,0.0007
6-Jul-17,1.1423,1.1351,1.1425,1.1329,0.0062
7-Jul-17,1.1401,1.1423,1.144,1.1379,-0.0019
10-Jul-17,1.14,1.1391,1.1418,1.1381,-0.0001
11-Jul-17,1.1467,1.14,1.1482,1.1383,0.0059
12-Jul-17,1.1412,1.1467,1.1491,1.1392,-0.0048
13-Jul-17,1.1399,1.1413,1.1459,1.1373,-0.0011
14-Jul-17,1.1469,1.14,1.1473,1.1392,0.0061
17-Jul-17,1.1479,1.1462,1.1487,1.1434,0.0009
18-Jul-17,1.1555,1.148,1.1585,1.1473,0.0066
19-Jul-17,1.1516,1.1554,1.1559,1.1509,-0.0034
20-Jul-17,1.1631,1.1513,1.1657,1.1479,0.01
21-Jul-17,1.1663,1.1634,1.1684,1.162,0.0028
24-Jul-17,1.1642,1.1662,1.1688,1.1628,-0.0018
25-Jul-17,1.1652,1.164,1.1712,1.163,0.0009
26-Jul-17,1.1734,1.1648,1.1741,1.1613,0.007
27-Jul-17,1.1677,1.1734,1.1777,1.1649,-0.0049
28-Jul-17,1.1752,1.1677,1.1765,1.1671,0.0064
31-Jul-17,1.1842,1.1737,1.1847,1.1723,0.0077
1-Aug-17,1.1802,1.1841,1.1845,1.1784,-0.0034
2-Aug-17,1.1856,1.1802,1.1911,1.1794,0.0046
3-Aug-17,1.187,1.1856,1.1894,1.1831,0.0012
4-Aug-17,1.1772,1.1871,1.1893,1.1731,-0.0083
7-Aug-17,1.1796,1.1768,1.1816,1.1767,0.002
8-Aug-17,1.175,1.1794,1.1825,1.1714,-0.0039
9-Aug-17,1.1759,1.1752,1.1765,1.1689,0.0008
10-Aug-17,1.1772,1.1759,1.1786,1.1704,0.0011
11-Aug-17,1.1821,1.1771,1.1846,1.1747,0.0042
14-Aug-17,1.178,1.1806,1.184,1.177,-0.0035
15-Aug-17,1.1735,1.178,1.1794,1.1688,-0.0038
16-Aug-17,1.177,1.1734,1.178,1.1682,0.003
17-Aug-17,1.1724,1.1767,1.179,1.1662,-0.0039
18-Aug-17,1.1762,1.1723,1.1775,1.1707,0.0032
21-Aug-17,1.1816,1.175,1.183,1.1731,0.0046
22-Aug-17,1.1762,1.1815,1.1826,1.1745,-0.0046
23-Aug-17,1.1807,1.1763,1.1825,1.1741,0.0038
24-Aug-17,1.1799,1.1807,1.1821,1.1784,-0.0007
25-Aug-17,1.1926,1.1799,1.1942,1.1773,0.0108
28-Aug-17,1.1979,1.1926,1.1985,1.1917,0.0044
29-Aug-17,1.1972,1.1978,1.2069,1.1945,-0.0006
30-Aug-17,1.1883,1.1974,1.1986,1.1881,-0.0074
31-Aug-17,1.191,1.1884,1.1914,1.1823,0.0023
1-Sep-17,1.1859,1.1911,1.1981,1.185,-0.0043
4-Sep-17,1.1896,1.1858,1.1923,1.1853,0.0031
5-Sep-17,1.1914,1.1896,1.1941,1.1868,0.0015
6-Sep-17,1.1917,1.1914,1.1951,1.1903,0.0003
7-Sep-17,1.2023,1.1917,1.2061,1.1914,0.0089
8-Sep-17,1.2035,1.2024,1.2094,1.2016,0.001
11-Sep-17,1.1953,1.2041,1.2041,1.1948,-0.0068
12-Sep-17,1.1967,1.1953,1.198,1.1926,0.0012
13-Sep-17,1.1886,1.1967,1.1995,1.1872,-0.0068
14-Sep-17,1.1919,1.1884,1.1922,1.1837,0.0028
15-Sep-17,1.1943,1.1919,1.1988,1.1901,0.002
18-Sep-17,1.1954,1.1949,1.1971,1.1915,0.0009
19-Sep-17,1.1994,1.1955,1.2008,1.195,0.0033
20-Sep-17,1.1893,1.1994,1.2033,1.1862,-0.0084
21-Sep-17,1.1941,1.1894,1.1955,1.1866,0.004
22-Sep-17,1.1954,1.1942,1.2006,1.1937,0.0011
25-Sep-17,1.1848,1.1953,1.1962,1.1833,-0.0089
26-Sep-17,1.1793,1.1848,1.1863,1.1758,-0.0046
27-Sep-17,1.1744,1.1792,1.1797,1.1717,-0.0042
28-Sep-17,1.1786,1.1746,1.1805,1.1721,0.0036
29-Sep-17,1.1814,1.1787,1.1834,1.1773,0.0024
2-Oct-17,1.1732,1.1818,1.1818,1.173,-0.0069
3-Oct-17,1.1744,1.1733,1.1775,1.1696,0.001
4-Oct-17,1.176,1.1743,1.1788,1.1733,0.0014
5-Oct-17,1.1711,1.1758,1.178,1.1698,-0.0042
6-Oct-17,1.1734,1.171,1.1739,1.1668,0.002
9-Oct-17,1.1741,1.1728,1.1758,1.1718,0.0006
10-Oct-17,1.1806,1.1739,1.1825,1.1738,0.0055
11-Oct-17,1.1859,1.1808,1.1871,1.1795,0.0045
12-Oct-17,1.183,1.1862,1.1882,1.1826,-0.0024
13-Oct-17,1.1823,1.1829,1.1875,1.1804,-0.0006
16-Oct-17,1.1797,1.1825,1.1826,1.1781,-0.0022
17-Oct-17,1.1766,1.1797,1.1801,1.1735,-0.0026
18-Oct-17,1.1787,1.1764,1.1805,1.1729,0.0018
19-Oct-17,1.1852,1.1788,1.186,1.1768,0.0055
20-Oct-17,1.1785,1.1853,1.1859,1.1763,-0.0057
23-Oct-17,1.1749,1.1773,1.1779,1.1725,-0.0031
24-Oct-17,1.1761,1.1749,1.1794,1.1743,0.001
25-Oct-17,1.1813,1.176,1.1819,1.1752,0.0044
26-Oct-17,1.165,1.1811,1.1837,1.164,-0.0138
27-Oct-17,1.161,1.165,1.1659,1.1575,-0.0034
30-Oct-17,1.1651,1.1603,1.166,1.1594,0.0035
31-Oct-17,1.1646,1.1651,1.1663,1.1625,-0.0004
1-Nov-17,1.1619,1.1646,1.1659,1.1607,-0.0023
2-Nov-17,1.1658,1.1619,1.1689,1.1613,0.0034
3-Nov-17,1.1609,1.166,1.1692,1.1599,-0.0042
6-Nov-17,1.161,1.1609,1.1625,1.1579,0.0001
7-Nov-17,1.1586,1.1609,1.1618,1.1554,-0.0021
8-Nov-17,1.1595,1.1586,1.1612,1.1579,0.0008
9-Nov-17,1.1642,1.1596,1.1657,1.1586,0.0041
10-Nov-17,1.1665,1.1642,1.168,1.1623,0.002
13-Nov-17,1.1667,1.1666,1.1677,1.1638,0.0002
14-Nov-17,1.1798,1.1667,1.1807,1.166,0.0112
15-Nov-17,1.1792,1.1797,1.1861,1.1784,-0.0005
16-Nov-17,1.177,1.1792,1.1802,1.1756,-0.0019
17-Nov-17,1.1795,1.1771,1.1823,1.1766,0.0021
20-Nov-17,1.1732,1.1789,1.1808,1.1721,-0.0053
21-Nov-17,1.1738,1.1732,1.1759,1.1713,0.0005
22-Nov-17,1.1822,1.1738,1.1829,1.1733,0.0072
23-Nov-17,1.1851,1.1822,1.1857,1.1812,0.0025
24-Nov-17,1.193,1.185,1.1945,1.1836,0.0067
27-Nov-17,1.1898,1.1933,1.1962,1.1896,-0.0027
28-Nov-17,1.1841,1.1898,1.1921,1.1827,-0.0048
29-Nov-17,1.1847,1.1841,1.1884,1.1817,0.0005
30-Nov-17,1.1904,1.1847,1.1933,1.1809,0.0048
1-Dec-17,1.1891,1.1904,1.1942,1.1851,-0.0011
4-Dec-17,1.1866,1.1882,1.189,1.183,-0.0021
5-Dec-17,1.1826,1.1866,1.1879,1.1801,-0.0034
6-Dec-17,1.1796,1.1825,1.1849,1.178,-0.0025
7-Dec-17,1.1773,1.1796,1.1816,1.1772,-0.0019
8-Dec-17,1.1764,1.1771,1.1778,1.1728,-0.0008
11-Dec-17,1.1768,1.1767,1.1812,1.1762,0.0003
12-Dec-17,1.1742,1.177,1.1794,1.1718,-0.0022
13-Dec-17,1.1826,1.1743,1.1832,1.1729,0.0072
14-Dec-17,1.1778,1.1826,1.1863,1.177,-0.0041
15-Dec-17,1.1754,1.1778,1.1814,1.1751,-0.002
18-Dec-17,1.1782,1.1753,1.1834,1.1737,0.0024
19-Dec-17,1.184,1.1782,1.1851,1.1777,0.0049
20-Dec-17,1.1871,1.184,1.1903,1.1829,0.0026
21-Dec-17,1.1873,1.1871,1.1889,1.1848,0.0002
22-Dec-17,1.1859,1.1874,1.1878,1.1817,-0.0012
25-Dec-17,1.1869,1.185,1.1882,1.1842,0.0008
26-Dec-17,1.1859,1.1867,1.1879,1.1845,-0.0008
27-Dec-17,1.1888,1.1859,1.1912,1.1855,0.0024
28-Dec-17,1.1943,1.1888,1.1961,1.1888,0.0046
29-Dec-17,1.1998,1.1943,1.203,1.1937,0.0046
1-Jan-18,1.201,1.2003,1.2014,1.1995,0.001
2-Jan-18,1.2059,1.2013,1.2084,1.2003,0.0041
3-Jan-18,1.2014,1.2058,1.207,1.2001,-0.0037
4-Jan-18,1.2068,1.2015,1.209,1.2004,0.0045
5-Jan-18,1.203,1.2068,1.2085,1.2021,-0.0031
8-Jan-18,1.1967,1.2029,1.2054,1.1956,-0.0052
9-Jan-18,1.1937,1.1967,1.1977,1.1916,-0.0025
10-Jan-18,1.1947,1.1938,1.2019,1.1923,0.0008
11-Jan-18,1.2032,1.1946,1.206,1.1928,0.0071
12-Jan-18,1.2187,1.2033,1.219,1.2031,0.0129
15-Jan-18,1.2263,1.2198,1.2298,1.2188,0.0062
16-Jan-18,1.2261,1.2265,1.2284,1.2194,-0.0002
17-Jan-18,1.2186,1.226,1.2324,1.2176,-0.0061
18-Jan-18,1.2239,1.2186,1.2267,1.2165,0.0043
19-Jan-18,1.2222,1.2236,1.2296,1.2219,-0.0014
22-Jan-18,1.2262,1.2268,1.2276,1.2214,0.0033
23-Jan-18,1.2299,1.2263,1.2308,1.2223,0.003
24-Jan-18,1.2408,1.2299,1.2417,1.2293,0.0089
25-Jan-18,1.2396,1.2408,1.2537,1.2364,-0.001
26-Jan-18,1.2421,1.2395,1.2495,1.2371,0.002
29-Jan-18,1.2383,1.2427,1.2436,1.2336,-0.0031
30-Jan-18,1.2402,1.2383,1.2455,1.2335,0.0015
31-Jan-18,1.2421,1.2401,1.2476,1.2386,0.0015
1-Feb-18,1.251,1.2414,1.2524,1.2386,0.0072
2-Feb-18,1.2462,1.2508,1.2519,1.2409,-0.0038
5-Feb-18,1.2368,1.2455,1.2475,1.2362,-0.0075
6-Feb-18,1.2377,1.2367,1.2434,1.2314,0.0007
7-Feb-18,1.2264,1.2378,1.2407,1.2247,-0.0091
8-Feb-18,1.2247,1.2264,1.2297,1.2212,-0.0014
9-Feb-18,1.2235,1.2245,1.2289,1.2206,-0.001
12-Feb-18,1.2292,1.2253,1.2298,1.2234,0.0047
13-Feb-18,1.2352,1.2293,1.2373,1.2285,0.0049
14-Feb-18,1.245,1.2352,1.2467,1.2276,0.0079
15-Feb-18,1.2506,1.2449,1.2511,1.2447,0.0045
16-Feb-18,1.2406,1.2506,1.2557,1.2394,-0.008
19-Feb-18,1.2408,1.2409,1.2435,1.2368,0.0002
20-Feb-18,1.2338,1.2409,1.2414,1.232,-0.0056
21-Feb-18,1.2284,1.2338,1.2361,1.2281,-0.0044
22-Feb-18,1.2331,1.2283,1.2354,1.226,0.0038
23-Feb-18,1.2293,1.2329,1.2337,1.2279,-0.0031
26-Feb-18,1.2318,1.2299,1.2356,1.2278,0.002
27-Feb-18,1.2232,1.2317,1.2348,1.2221,-0.007
28-Feb-18,1.2194,1.2232,1.2243,1.2188,-0.0031
1-Mar-18,1.2268,1.2193,1.2272,1.2153,0.0061
2-Mar-18,1.2317,1.2266,1.2336,1.225,0.004
5-Mar-18,1.2336,1.2323,1.2366,1.2268,0.0015
6-Mar-18,1.2404,1.2336,1.2422,1.2328,0.0055
7-Mar-18,1.2413,1.2404,1.2445,1.2385,0.0007
8-Mar-18,1.2312,1.2411,1.2448,1.2298,-0.0081
9-Mar-18,1.2307,1.2312,1.2336,1.2273,-0.0004
12-Mar-18,1.2334,1.2311,1.2347,1.2291,0.0022
13-Mar-18,1.239,1.2334,1.2408,1.2314,0.0045
14-Mar-18,1.2367,1.239,1.2414,1.2347,-0.0019
15-Mar-18,1.2305,1.2366,1.2385,1.2299,-0.005
16-Mar-18,1.2289,1.2305,1.2338,1.2261,-0.0013
19-Mar-18,1.2335,1.2284,1.2361,1.2258,0.0037
20-Mar-18,1.2242,1.2335,1.2356,1.2239,-0.0075
21-Mar-18,1.2338,1.2242,1.2351,1.2241,0.0078
22-Mar-18,1.2302,1.2337,1.2389,1.2285,-0.0029
23-Mar-18,1.2353,1.2302,1.2375,1.2301,0.0041
26-Mar-18,1.2443,1.2348,1.2463,1.2341,0.0073
27-Mar-18,1.2403,1.2444,1.2478,1.2373,-0.0032
28-Mar-18,1.2308,1.2403,1.2424,1.23,-0.0077
29-Mar-18,1.2302,1.2308,1.2335,1.2282,-0.0005
30-Mar-18,1.2323,1.2301,1.2331,1.2293,0.0017
2-Apr-18,1.2302,1.2323,1.2346,1.2282,-0.0017
3-Apr-18,1.227,1.2304,1.2336,1.2253,-0.0026
4-Apr-18,1.2278,1.2269,1.2315,1.2256,0.0007
5-Apr-18,1.224,1.2278,1.2292,1.2218,-0.0031
6-Apr-18,1.2283,1.224,1.2292,1.2214,0.0035
9-Apr-18,1.2321,1.2279,1.2331,1.2261,0.0031
10-Apr-18,1.2356,1.232,1.2379,1.2303,0.0028
11-Apr-18,1.2367,1.2357,1.2397,1.2347,0.0009
12-Apr-18,1.2327,1.2368,1.2382,1.23,-0.0032
13-Apr-18,1.2331,1.2327,1.2348,1.2307,0.0003
16-Apr-18,1.238,1.233,1.2395,1.2325,0.004
17-Apr-18,1.237,1.2378,1.2413,1.2335,-0.0008
18-Apr-18,1.2373,1.2369,1.2398,1.2343,0.0002
19-Apr-18,1.2346,1.2373,1.2402,1.2329,-0.0022
20-Apr-18,1.2288,1.2346,1.2354,1.225,-0.0047
23-Apr-18,1.2209,1.2289,1.2292,1.2198,-0.0064
24-Apr-18,1.2232,1.2209,1.2247,1.2182,0.0019
25-Apr-18,1.2161,1.2232,1.224,1.216,-0.0058
26-Apr-18,1.2103,1.2161,1.2211,1.2096,-0.0048
27-Apr-18,1.213,1.2105,1.2135,1.2055,0.0022
30-Apr-18,1.2079,1.2125,1.2141,1.2064,-0.0042
1-May-18,1.1993,1.2076,1.2086,1.1981,-0.0071
2-May-18,1.1951,1.1992,1.2033,1.1938,-0.0035
3-May-18,1.1988,1.1951,1.2009,1.1946,0.0031
4-May-18,1.196,1.1989,1.1997,1.1911,-0.0023
7-May-18,1.1922,1.1953,1.198,1.1898,-0.0032
8-May-18,1.1864,1.1924,1.1941,1.1838,-0.0049
9-May-18,1.185,1.1863,1.1898,1.1822,-0.0012
10-May-18,1.1915,1.1852,1.1948,1.1843,0.0055
11-May-18,1.1944,1.1917,1.197,1.1891,0.0024
14-May-18,1.1927,1.1947,1.1998,1.1926,-0.0014
15-May-18,1.1838,1.1925,1.1939,1.1817,-0.0075
16-May-18,1.1807,1.1837,1.1854,1.1762,-0.0026
17-May-18,1.1795,1.1808,1.1839,1.1775,-0.001
18-May-18,1.1778,1.1796,1.1825,1.1749,-0.0014
21-May-18,1.1791,1.1764,1.1797,1.1717,0.0011
22-May-18,1.1779,1.1792,1.183,1.1754,-0.001
23-May-18,1.1697,1.1778,1.179,1.1675,-0.007
24-May-18,1.172,1.1695,1.175,1.1688,0.002
25-May-18,1.1652,1.172,1.1735,1.1645,-0.0058
28-May-18,1.1623,1.1651,1.1729,1.1605,-0.0025
29-May-18,1.154,1.1625,1.1641,1.1508,-0.0071
30-May-18,1.1663,1.154,1.1678,1.1518,0.0107
31-May-18,1.1692,1.1665,1.1726,1.1641,0.0025
1-Jun-18,1.1661,1.1691,1.1718,1.1617,-0.0027
4-Jun-18,1.1699,1.1656,1.1744,1.1652,0.0033
5-Jun-18,1.1718,1.1698,1.1733,1.1652,0.0016
6-Jun-18,1.1773,1.1717,1.1797,1.1708,0.0047
7-Jun-18,1.1799,1.1774,1.1842,1.1772,0.0022
8-Jun-18,1.1768,1.18,1.1812,1.1726,-0.0026
11-Jun-18,1.1784,1.1766,1.1822,1.1754,0.0014
12-Jun-18,1.1745,1.1784,1.1811,1.1733,-0.0033
13-Jun-18,1.1791,1.1745,1.1803,1.1725,0.0039
14-Jun-18,1.1569,1.1791,1.1853,1.1562,-0.0188
15-Jun-18,1.1609,1.1568,1.1629,1.1543,0.0035
18-Jun-18,1.1623,1.1609,1.1625,1.1563,0.0012
19-Jun-18,1.159,1.1624,1.1646,1.153,-0.0028
20-Jun-18,1.1572,1.159,1.1602,1.1537,-0.0016
21-Jun-18,1.1603,1.1572,1.1635,1.1509,0.0027
22-Jun-18,1.1657,1.1604,1.1677,1.16,0.0047
25-Jun-18,1.1704,1.1659,1.1715,1.1627,0.004
26-Jun-18,1.1647,1.1704,1.1722,1.1635,-0.0049
27-Jun-18,1.1554,1.1647,1.1674,1.1541,-0.008
28-Jun-18,1.1569,1.1555,1.1602,1.1527,0.0013
29-Jun-18,1.1685,1.1569,1.1692,1.1558,0.01
2-Jul-18,1.1641,1.1651,1.1699,1.159,-0.0038
3-Jul-18,1.1657,1.1641,1.1675,1.1621,0.0014
4-Jul-18,1.1656,1.1658,1.1684,1.1629,-0.0001
5-Jul-18,1.1691,1.1655,1.1722,1.1649,0.003
6-Jul-18,1.1747,1.169,1.1769,1.1679,0.0048
9-Jul-18,1.1751,1.1748,1.1792,1.1731,0.0003
10-Jul-18,1.1744,1.1751,1.1764,1.169,-0.0006
11-Jul-18,1.1674,1.1745,1.176,1.1665,-0.006
12-Jul-18,1.1672,1.1674,1.1697,1.1648,-0.0002
13-Jul-18,1.1685,1.1669,1.1688,1.161,0.0011
16-Jul-18,1.171,1.1676,1.1726,1.1674,0.0021
17-Jul-18,1.1661,1.1711,1.1746,1.165,-0.0042
18-Jul-18,1.1639,1.166,1.1665,1.1601,-0.0019
19-Jul-18,1.1643,1.1639,1.168,1.1574,0.0003
20-Jul-18,1.172,1.1644,1.174,1.1626,0.0066
23-Jul-18,1.1692,1.173,1.1752,1.1682,-0.0024
24-Jul-18,1.1686,1.1692,1.1719,1.1654,-0.0005
25-Jul-18,1.1728,1.1684,1.1739,1.1663,0.0036
26-Jul-18,1.1643,1.1728,1.1744,1.1639,-0.0072
27-Jul-18,1.1658,1.1643,1.1665,1.1621,0.0013
30-Jul-18,1.1706,1.166,1.1721,1.1648,0.0041
31-Jul-18,1.1691,1.1706,1.1745,1.1682,-0.0013
1-Aug-18,1.166,1.1691,1.1701,1.1656,-0.0027
2-Aug-18,1.1584,1.166,1.1669,1.1582,-0.0065
3-Aug-18,1.1567,1.1583,1.1611,1.1559,-0.0015
6-Aug-18,1.1554,1.1571,1.1574,1.1527,-0.0011
7-Aug-18,1.1599,1.1555,1.161,1.1547,0.0039
8-Aug-18,1.1611,1.1598,1.1629,1.1571,0.001
9-Aug-18,1.1527,1.1609,1.162,1.1525,-0.0072
10-Aug-18,1.1411,1.1526,1.1537,1.1384,-0.0101
13-Aug-18,1.1409,1.1389,1.1434,1.1364,-0.0002
14-Aug-18,1.1344,1.141,1.1431,1.133,-0.0057
15-Aug-18,1.1345,1.1344,1.1357,1.1299,0.0001
16-Aug-18,1.1377,1.1345,1.1411,1.1335,0.0028
17-Aug-18,1.1439,1.1377,1.1447,1.1365,0.0054
20-Aug-18,1.1481,1.1442,1.1486,1.1394,0.0037
21-Aug-18,1.1571,1.1482,1.1602,1.1479,0.0078
22-Aug-18,1.1597,1.157,1.1624,1.1551,0.0022
23-Aug-18,1.1539,1.1596,1.1601,1.153,-0.005
24-Aug-18,1.1623,1.154,1.1641,1.1533,0.0073
27-Aug-18,1.1678,1.1631,1.1694,1.1592,0.0047
28-Aug-18,1.1695,1.1678,1.1735,1.1662,0.0015
29-Aug-18,1.1708,1.1695,1.1712,1.1652,0.0011
30-Aug-18,1.1671,1.1707,1.172,1.1641,-0.0032
31-Aug-18,1.1601,1.1671,1.1692,1.1585,-0.006
3-Sep-18,1.1624,1.1596,1.1629,1.1583,0.002
4-Sep-18,1.1582,1.1623,1.1629,1.1528,-0.0036
5-Sep-18,1.1629,1.1581,1.164,1.1542,0.0041
6-Sep-18,1.1622,1.1629,1.166,1.1603,-0.0006
7-Sep-18,1.1553,1.1624,1.1651,1.155,-0.0059
10-Sep-18,1.1594,1.156,1.1617,1.1526,0.0035
11-Sep-18,1.1607,1.1594,1.1645,1.1565,0.0011
12-Sep-18,1.1626,1.1604,1.1651,1.157,0.0016
13-Sep-18,1.169,1.1627,1.1703,1.1608,0.0055
14-Sep-18,1.163,1.169,1.1724,1.1619,-0.0051
17-Sep-18,1.1683,1.1623,1.1699,1.1617,0.0046
18-Sep-18,1.1667,1.1684,1.1726,1.1651,-0.0014
19-Sep-18,1.1673,1.1667,1.1716,1.1648,0.0005
20-Sep-18,1.1777,1.1671,1.1786,1.1665,0.0089
21-Sep-18,1.175,1.1776,1.1804,1.1731,-0.0023
24-Sep-18,1.1748,1.1751,1.1817,1.1723,-0.0002
25-Sep-18,1.1772,1.1748,1.1793,1.173,0.002
26-Sep-18,1.174,1.1767,1.1799,1.1726,-0.0027
27-Sep-18,1.1641,1.174,1.1759,1.1637,-0.0084
28-Sep-18,1.1609,1.1641,1.1652,1.1567,-0.0027
1-Oct-18,1.1578,1.1609,1.163,1.1563,-0.0027
2-Oct-18,1.1548,1.1578,1.1582,1.1506,-0.0026
3-Oct-18,1.1478,1.1548,1.1595,1.1465,-0.0061
4-Oct-18,1.1515,1.1478,1.1543,1.1464,0.0032
5-Oct-18,1.1524,1.1513,1.155,1.1483,0.0008
8-Oct-18,1.1492,1.152,1.1536,1.1459,-0.0028
9-Oct-18,1.149,1.1491,1.1504,1.143,-0.0002
10-Oct-18,1.152,1.1491,1.1547,1.1479,0.0026
11-Oct-18,1.1594,1.1519,1.16,1.1517,0.0064
12-Oct-18,1.1563,1.1592,1.1611,1.1534,-0.0027
15-Oct-18,1.1579,1.1559,1.1608,1.1537,0.0014
16-Oct-18,1.1575,1.158,1.1623,1.1564,-0.0003
17-Oct-18,1.1501,1.1575,1.1585,1.1495,-0.0064
18-Oct-18,1.1453,1.15,1.1528,1.1448,-0.0042
19-Oct-18,1.1515,1.1451,1.1536,1.1433,0.0054
22-Oct-18,1.1465,1.1507,1.1552,1.1455,-0.0043
23-Oct-18,1.1471,1.1466,1.1495,1.1438,0.0005
24-Oct-18,1.1392,1.147,1.1477,1.1378,-0.0069
25-Oct-18,1.1376,1.1392,1.1434,1.1355,-0.0014
26-Oct-18,1.1403,1.1376,1.1422,1.1334,0.0024
29-Oct-18,1.1373,1.1408,1.1418,1.1361,-0.0026
30-Oct-18,1.1344,1.1372,1.1387,1.1338,-0.0025
31-Oct-18,1.1312,1.1345,1.1363,1.1301,-0.0028
1-Nov-18,1.1409,1.1311,1.1426,1.1306,0.0086
2-Nov-18,1.1387,1.1408,1.1458,1.1372,-0.0019
5-Nov-18,1.1407,1.1391,1.1425,1.1356,0.0018
6-Nov-18,1.1427,1.1406,1.144,1.1389,0.0018
7-Nov-18,1.1426,1.1427,1.1502,1.1395,-0.0001
8-Nov-18,1.1363,1.1425,1.1448,1.1352,-0.0055
9-Nov-18,1.1336,1.1364,1.1371,1.1315,-0.0024
12-Nov-18,1.1218,1.1331,1.1333,1.1214,-0.0104
13-Nov-18,1.1291,1.1219,1.1296,1.1216,0.0065
14-Nov-18,1.131,1.129,1.1349,1.1262,0.0017
15-Nov-18,1.1328,1.1309,1.1364,1.1271,0.0016
16-Nov-18,1.142,1.133,1.1423,1.132,0.0081
19-Nov-18,1.1453,1.1403,1.1467,1.1393,0.0029
20-Nov-18,1.1371,1.1453,1.1473,1.1357,-0.0072
21-Nov-18,1.1385,1.1371,1.1426,1.1363,0.0012
22-Nov-18,1.1408,1.1382,1.1434,1.1378,0.002
23-Nov-18,1.1341,1.1403,1.1422,1.1325,-0.0059
26-Nov-18,1.1328,1.1343,1.1385,1.1323,-0.0011
27-Nov-18,1.1288,1.1326,1.1344,1.1276,-0.0035
28-Nov-18,1.1366,1.1291,1.1387,1.1264,0.0069
29-Nov-18,1.1393,1.1367,1.1403,1.1348,0.0024
30-Nov-18,1.1317,1.1395,1.1402,1.1304,-0.0067
3-Dec-18,1.1354,1.1315,1.1382,1.1315,0.0033
4-Dec-18,1.1345,1.1354,1.1421,1.1318,-0.0008
5-Dec-18,1.1344,1.1342,1.1361,1.1309,-0.0001
6-Dec-18,1.1376,1.1345,1.1414,1.1321,0.0028
7-Dec-18,1.1378,1.1377,1.1425,1.1359,0.0002
10-Dec-18,1.1356,1.1401,1.1444,1.1349,-0.0019
11-Dec-18,1.1316,1.1361,1.1402,1.1304,-0.0035
12-Dec-18,1.1368,1.1317,1.1388,1.1312,0.0046
13-Dec-18,1.1363,1.1369,1.1396,1.133,-0.0004
14-Dec-18,1.1309,1.1362,1.1374,1.1268,-0.0048
17-Dec-18,1.1347,1.1308,1.136,1.1299,0.0034
18-Dec-18,1.1361,1.1346,1.1402,1.1336,0.0012
19-Dec-18,1.1377,1.1361,1.1442,1.136,0.0014
20-Dec-18,1.1446,1.1377,1.1487,1.1371,0.0061
21-Dec-18,1.1369,1.1447,1.1477,1.1353,-0.0067
24-Dec-18,1.14,1.137,1.1439,1.135,0.0027
25-Dec-18,1.1362,1.14,1.1429,1.1361,-0.0033
26-Dec-18,1.1353,1.1363,1.1423,1.1342,-0.0008
27-Dec-18,1.143,1.1353,1.1457,1.1349,0.0068
28-Dec-18,1.1438,1.1429,1.1478,1.1424,0.0007
31-Dec-18,1.147,1.1443,1.147,1.1421,0.0028
1-Jan-19,1.1464,1.1466,1.1481,1.1425,-0.0005
2-Jan-19,1.1343,1.1464,1.1499,1.1325,-0.0106
3-Jan-19,1.1394,1.1345,1.1413,1.1309,0.0045
4-Jan-19,1.1395,1.1393,1.1422,1.1345,0.0001
7-Jan-19,1.1476,1.1392,1.1485,1.1392,0.0071
8-Jan-19,1.1442,1.1476,1.1487,1.1422,-0.003
9-Jan-19,1.1543,1.1444,1.1556,1.1435,0.0088
10-Jan-19,1.15,1.1542,1.1572,1.1485,-0.0037
11-Jan-19,1.1469,1.1499,1.1542,1.1457,-0.0027
14-Jan-19,1.1477,1.1471,1.1485,1.144,0.0007
15-Jan-19,1.1417,1.1473,1.1494,1.1381,-0.0052
16-Jan-19,1.14,1.1414,1.1429,1.1377,-0.0015
17-Jan-19,1.1398,1.1396,1.141,1.1369,-0.0002
18-Jan-19,1.1363,1.1389,1.1413,1.1352,-0.0031
21-Jan-19,1.1366,1.1371,1.1409,1.1355,0.0003
22-Jan-19,1.1359,1.1365,1.1386,1.1334,-0.0006
23-Jan-19,1.1381,1.1358,1.1397,1.1348,0.0019
24-Jan-19,1.1306,1.138,1.1398,1.1287,-0.0066
25-Jan-19,1.1415,1.1306,1.1421,1.1298,0.0096
28-Jan-19,1.1434,1.1404,1.1445,1.1388,0.0017
29-Jan-19,1.1432,1.1428,1.1453,1.141,-0.0002
30-Jan-19,1.1479,1.1433,1.1503,1.1404,0.0041
31-Jan-19,1.1446,1.148,1.1517,1.1434,-0.0029
1-Feb-19,1.1456,1.1447,1.149,1.1433,0.0009
4-Feb-19,1.1438,1.1457,1.1467,1.1421,-0.0016
5-Feb-19,1.1415,1.1442,1.1456,1.14,-0.002
6-Feb-19,1.1362,1.1406,1.142,1.1359,-0.0046
7-Feb-19,1.1341,1.136,1.1375,1.1322,-0.0018
8-Feb-19,1.133,1.1346,1.1355,1.132,-0.001
11-Feb-19,1.1276,1.1328,1.1331,1.1264,-0.0048
12-Feb-19,1.1325,1.128,1.1342,1.1256,0.0043
13-Feb-19,1.1267,1.1326,1.1346,1.126,-0.0051
14-Feb-19,1.1301,1.1262,1.1313,1.1247,0.003
15-Feb-19,1.1295,1.1295,1.1313,1.1233,-0.0005
18-Feb-19,1.1311,1.1288,1.1337,1.1284,0.0014
19-Feb-19,1.1341,1.131,1.1358,1.1274,0.0027
20-Feb-19,1.1337,1.1342,1.1374,1.1324,-0.0004
21-Feb-19,1.1336,1.1338,1.1368,1.132,-0.0001
22-Feb-19,1.1343,1.1337,1.136,1.1315,0.0006
25-Feb-19,1.1359,1.1338,1.1369,1.1323,0.0014
26-Feb-19,1.1387,1.1366,1.1404,1.1343,0.0025
27-Feb-19,1.1369,1.1396,1.1404,1.136,-0.0016
28-Feb-19,1.1371,1.1371,1.1421,1.1357,0.0002
1-Mar-19,1.1377,1.1372,1.141,1.1353,0.0005
4-Mar-19,1.134,1.138,1.1398,1.1309,-0.0033
5-Mar-19,1.1308,1.1339,1.1353,1.129,-0.0028
6-Mar-19,1.1307,1.1313,1.1328,1.1286,-0.0001
7-Mar-19,1.1194,1.1306,1.1322,1.1176,-0.01
8-Mar-19,1.124,1.1194,1.1248,1.1185,0.0041
11-Mar-19,1.1249,1.124,1.126,1.1222,0.0008
12-Mar-19,1.1288,1.1249,1.1309,1.1244,0.0035
13-Mar-19,1.1327,1.1288,1.1341,1.1277,0.0035
14-Mar-19,1.1304,1.133,1.1343,1.1294,-0.002
15-Mar-19,1.1325,1.1304,1.1345,1.1295,0.0019
18-Mar-19,1.1337,1.1322,1.136,1.1316,0.0011
19-Mar-19,1.1352,1.1338,1.1364,1.1334,0.0013
20-Mar-19,1.1414,1.1352,1.145,1.1336,0.0055
21-Mar-19,1.1375,1.1413,1.144,1.1342,-0.0034
22-Mar-19,1.1314,1.1376,1.1393,1.1272,-0.0054
25-Mar-19,1.1313,1.1294,1.1334,1.1284,-0.0001
26-Mar-19,1.1266,1.1313,1.1329,1.1263,-0.0042
27-Mar-19,1.1247,1.1266,1.1286,1.124,-0.0017
28-Mar-19,1.1222,1.1244,1.1264,1.1214,-0.0022
29-Mar-19,1.1218,1.122,1.1248,1.1208,-0.0004
1-Apr-19,1.1213,1.1217,1.125,1.1202,-0.0004
2-Apr-19,1.1204,1.1217,1.122,1.1183,-0.0008
3-Apr-19,1.1235,1.1204,1.1256,1.12,0.0028
4-Apr-19,1.1221,1.1233,1.1249,1.1205,-0.0012
5-Apr-19,1.1216,1.1223,1.1246,1.121,-0.0004
8-Apr-19,1.1261,1.1218,1.1277,1.1213,0.004
9-Apr-19,1.1263,1.1272,1.1287,1.1255,0.0002
10-Apr-19,1.1274,1.1261,1.1286,1.1228,0.001
11-Apr-19,1.1253,1.1274,1.1293,1.1249,-0.0019
12-Apr-19,1.1302,1.1255,1.1327,1.1253,0.0044
15-Apr-19,1.1309,1.13,1.1323,1.1296,0.0006
16-Apr-19,1.1281,1.1304,1.1315,1.1279,-0.0025
17-Apr-19,1.1297,1.1282,1.1326,1.128,0.0014
18-Apr-19,1.1231,1.1297,1.1307,1.1226,-0.0058
19-Apr-19,1.1248,1.124,1.1255,1.1229,0.0015
22-Apr-19,1.1258,1.1246,1.1265,1.1237,0.0009
23-Apr-19,1.1227,1.1259,1.1264,1.1192,-0.0028
24-Apr-19,1.1154,1.1229,1.1233,1.1141,-0.0065
25-Apr-19,1.1132,1.116,1.1164,1.1118,-0.002
26-Apr-19,1.1149,1.113,1.1175,1.1111,0.0015
29-Apr-19,1.1186,1.1153,1.1191,1.114,0.0033
30-Apr-19,1.1217,1.1185,1.1232,1.1176,0.0028
1-May-19,1.1196,1.1215,1.1267,1.1188,-0.0019
2-May-19,1.1179,1.1202,1.1221,1.1172,-0.0015
3-May-19,1.1202,1.1178,1.1208,1.1135,0.0021
6-May-19,1.12,1.1173,1.1212,1.116,-0.0002
7-May-19,1.1191,1.1198,1.1222,1.1165,-0.0008
8-May-19,1.1192,1.1189,1.1215,1.1181,0.0001
9-May-19,1.1222,1.1194,1.1254,1.1174,0.0027
10-May-19,1.1235,1.1215,1.1255,1.1214,0.0012
13-May-19,1.1224,1.1241,1.1266,1.1221,-0.001
14-May-19,1.1204,1.1224,1.1247,1.12,-0.0018
15-May-19,1.1202,1.1205,1.1226,1.1177,-0.0002
16-May-19,1.1174,1.1202,1.1227,1.1166,-0.0025
17-May-19,1.1158,1.1176,1.1186,1.1155,-0.0014
20-May-19,1.1171,1.1158,1.1177,1.1148,0.0012
21-May-19,1.116,1.1171,1.1189,1.1142,-0.001
22-May-19,1.1153,1.1166,1.118,1.1145,-0.0006
23-May-19,1.118,1.115,1.1187,1.1106,0.0024
24-May-19,1.1204,1.1183,1.1215,1.1175,0.0021
27-May-19,1.1199,1.1197,1.1218,1.1186,-0.0004
28-May-19,1.116,1.1198,1.1202,1.1158,-0.0035
29-May-19,1.1131,1.1162,1.1175,1.1124,-0.0026
30-May-19,1.1131,1.113,1.1144,1.1115,0
31-May-19,1.1169,1.1134,1.1181,1.1125,0.0034
3-Jun-19,1.1241,1.1168,1.1263,1.1155,0.0064
4-Jun-19,1.1252,1.1241,1.1278,1.1226,0.001
5-Jun-19,1.1221,1.1251,1.1308,1.1219,-0.0028
6-Jun-19,1.1276,1.1229,1.131,1.1214,0.0049
7-Jun-19,1.1333,1.1276,1.1349,1.1251,0.0051
10-Jun-19,1.1315,1.1324,1.1333,1.1291,-0.0016
11-Jun-19,1.1332,1.1313,1.134,1.1302,0.0015
12-Jun-19,1.1289,1.1326,1.1345,1.1282,-0.0038
13-Jun-19,1.1277,1.1287,1.1305,1.1268,-0.0011
14-Jun-19,1.1209,1.1282,1.1291,1.1202,-0.006
17-Jun-19,1.1218,1.1215,1.1247,1.1203,0.0008
18-Jun-19,1.1193,1.1219,1.1244,1.1181,-0.0022
19-Jun-19,1.1226,1.1193,1.1254,1.1187,0.0029
20-Jun-19,1.1292,1.1225,1.1318,1.1225,0.0059
21-Jun-19,1.1368,1.1292,1.1379,1.1283,0.0067
24-Jun-19,1.1398,1.1361,1.1405,1.1361,0.0026
25-Jun-19,1.1367,1.14,1.1414,1.1344,-0.0027
26-Jun-19,1.1369,1.1365,1.1392,1.1347,0.0002
27-Jun-19,1.137,1.1369,1.1383,1.1348,0.0001
28-Jun-19,1.137,1.1371,1.1395,1.1351,0
1-Jul-19,1.1285,1.1375,1.1375,1.128,-0.0075
2-Jul-19,1.1285,1.1286,1.1321,1.1275,0
3-Jul-19,1.1278,1.1284,1.1311,1.1268,-0.0006
4-Jul-19,1.1285,1.1277,1.1296,1.1272,0.0006
5-Jul-19,1.1226,1.1285,1.1289,1.1207,-0.0052
8-Jul-19,1.1215,1.1221,1.1235,1.1205,-0.001
9-Jul-19,1.1208,1.1215,1.1221,1.1194,-0.0006
10-Jul-19,1.1251,1.1208,1.1265,1.1202,0.0038
11-Jul-19,1.1254,1.1251,1.1287,1.1245,0.0003
12-Jul-19,1.1271,1.1254,1.1277,1.1238,0.0015
15-Jul-19,1.1258,1.1268,1.1285,1.1252,-0.0012
16-Jul-19,1.1211,1.1258,1.1265,1.1202,-0.0042
17-Jul-19,1.1224,1.121,1.1234,1.1199,0.0012
18-Jul-19,1.1277,1.1224,1.1282,1.1205,0.0047
19-Jul-19,1.1222,1.1277,1.1283,1.1204,-0.0049
22-Jul-19,1.121,1.1218,1.1227,1.1206,-0.0011
23-Jul-19,1.1153,1.121,1.1211,1.1146,-0.0051
24-Jul-19,1.1141,1.1152,1.116,1.1127,-0.0011
25-Jul-19,1.1147,1.1142,1.1189,1.1102,0.0005
26-Jul-19,1.1127,1.1147,1.1152,1.1112,-0.0018
29-Jul-19,1.1144,1.1126,1.1151,1.1112,0.0015
30-Jul-19,1.1155,1.1144,1.1162,1.1132,0.001
31-Jul-19,1.1076,1.1155,1.1163,1.1059,-0.0071
1-Aug-19,1.1085,1.1076,1.1097,1.1027,0.0008
2-Aug-19,1.1109,1.1087,1.1118,1.107,0.0022
5-Aug-19,1.1202,1.1101,1.1213,1.1101,0.0084
6-Aug-19,1.12,1.1203,1.1251,1.1168,-0.0002
7-Aug-19,1.1199,1.1199,1.1243,1.118,-0.0001
8-Aug-19,1.118,1.1199,1.1233,1.1177,-0.0017
9-Aug-19,1.12,1.1181,1.1224,1.118,0.0018
12-Aug-19,1.1214,1.1204,1.1232,1.1162,0.0012
13-Aug-19,1.1171,1.1214,1.1229,1.1171,-0.0038
14-Aug-19,1.1139,1.117,1.1191,1.113,-0.0029
15-Aug-19,1.1107,1.1138,1.1159,1.109,-0.0029
16-Aug-19,1.109,1.1106,1.1113,1.1066,-0.0015
19-Aug-19,1.1078,1.1092,1.1115,1.1076,-0.0011
20-Aug-19,1.11,1.1079,1.1107,1.1065,0.002
21-Aug-19,1.1085,1.11,1.1109,1.1081,-0.0014
22-Aug-19,1.1079,1.1084,1.1114,1.1063,-0.0005
23-Aug-19,1.1144,1.1079,1.1154,1.1051,0.0059
26-Aug-19,1.1102,1.1147,1.1166,1.1094,-0.0038
27-Aug-19,1.1091,1.1101,1.1116,1.1084,-0.001
28-Aug-19,1.1078,1.109,1.1099,1.1072,-0.0012
29-Aug-19,1.1057,1.1078,1.1093,1.1042,-0.0019
30-Aug-19,1.0991,1.1058,1.1062,1.0963,-0.006
2-Sep-19,1.0968,1.099,1.1,1.0958,-0.0021
3-Sep-19,1.0974,1.097,1.098,1.0926,0.0005
4-Sep-19,1.1035,1.0974,1.1038,1.0969,0.0056
5-Sep-19,1.1035,1.1037,1.1086,1.1017,0
6-Sep-19,1.1029,1.1035,1.1058,1.102,-0.0005
9-Sep-19,1.1048,1.1024,1.1069,1.1016,0.0017
10-Sep-19,1.1043,1.1045,1.1059,1.103,-0.0005
11-Sep-19,1.101,1.1043,1.1056,1.0984,-0.003
12-Sep-19,1.1063,1.1011,1.1088,1.0927,0.0048
13-Sep-19,1.1075,1.1064,1.1111,1.1055,0.0011
16-Sep-19,1.1002,1.1087,1.1093,1.0994,-0.0066
17-Sep-19,1.1073,1.1,1.1076,1.099,0.0065
18-Sep-19,1.103,1.1072,1.1076,1.1013,-0.0039
19-Sep-19,1.1041,1.1029,1.1074,1.1022,0.001
20-Sep-19,1.1018,1.1041,1.1069,1.0995,-0.0021
23-Sep-19,1.0993,1.1016,1.1027,1.0966,-0.0023
24-Sep-19,1.102,1.0994,1.1026,1.0984,0.0025
25-Sep-19,1.0943,1.102,1.1025,1.0938,-0.007
26-Sep-19,1.0922,1.0942,1.0968,1.0908,-0.0019
27-Sep-19,1.0939,1.092,1.0959,1.0904,0.0016
30-Sep-19,1.09,1.094,1.0949,1.0885,-0.0036
1-Oct-19,1.0932,1.0901,1.0944,1.0879,0.0029
2-Oct-19,1.0959,1.0932,1.0964,1.0903,0.0025
3-Oct-19,1.0966,1.0959,1.1001,1.0941,0.0006
4-Oct-19,1.0978,1.0964,1.0999,1.0957,0.0011
7-Oct-19,1.0971,1.0975,1.1001,1.0961,-0.0006
8-Oct-19,1.0956,1.0971,1.0997,1.0941,-0.0014
9-Oct-19,1.0971,1.0957,1.0991,1.0952,0.0014
10-Oct-19,1.1006,1.0972,1.1036,1.0971,0.0032
11-Oct-19,1.1042,1.1006,1.1064,1.1001,0.0033
14-Oct-19,1.1029,1.1043,1.1049,1.1012,-0.0012
15-Oct-19,1.1033,1.1029,1.1047,1.0991,0.0004
16-Oct-19,1.1072,1.1033,1.1087,1.1022,0.0035
17-Oct-19,1.1124,1.1073,1.1141,1.1065,0.0047
18-Oct-19,1.1171,1.1126,1.1174,1.1115,0.0042
21-Oct-19,1.1149,1.1142,1.118,1.1136,-0.002
22-Oct-19,1.1125,1.1149,1.1158,1.1117,-0.0022
23-Oct-19,1.1131,1.1124,1.114,1.1105,0.0005
24-Oct-19,1.1104,1.113,1.1162,1.1092,-0.0024
25-Oct-19,1.108,1.1105,1.1124,1.1073,-0.0022
28-Oct-19,1.11,1.1082,1.1109,1.1076,0.0018
29-Oct-19,1.1112,1.1099,1.112,1.1074,0.0011
30-Oct-19,1.115,1.1112,1.1153,1.108,0.0034
31-Oct-19,1.1152,1.1151,1.1176,1.1131,0.0002
1-Nov-19,1.1167,1.1152,1.1173,1.1128,0.0013
4-Nov-19,1.1128,1.1167,1.1177,1.1125,-0.0035
5-Nov-19,1.1075,1.1126,1.114,1.1062,-0.0048
6-Nov-19,1.1067,1.1075,1.1095,1.1065,-0.0007
7-Nov-19,1.105,1.1065,1.1092,1.1035,-0.0015
8-Nov-19,1.1018,1.105,1.1057,1.1017,-0.0029
11-Nov-19,1.1033,1.1022,1.1044,1.1016,0.0014
12-Nov-19,1.1009,1.1033,1.104,1.1003,-0.0022
13-Nov-19,1.1007,1.101,1.1021,1.0994,-0.0002
14-Nov-19,1.1023,1.1006,1.1029,1.0989,0.0015
15-Nov-19,1.1052,1.1022,1.1059,1.1015,0.0026
18-Nov-19,1.1072,1.1052,1.1092,1.1048,0.0018
19-Nov-19,1.1079,1.1071,1.1084,1.1062,0.0006
20-Nov-19,1.1073,1.1078,1.1082,1.1052,-0.0005
21-Nov-19,1.1059,1.1074,1.1098,1.1052,-0.0013
22-Nov-19,1.1024,1.1059,1.1087,1.1015,-0.0032
25-Nov-19,1.1014,1.1024,1.1033,1.1003,-0.0009
26-Nov-19,1.102,1.1014,1.1027,1.1007,0.0005
27-Nov-19,1.1005,1.1022,1.1022,1.0992,-0.0014
28-Nov-19,1.1006,1.1005,1.1009,1.1003,0.0001
